GlobalID,Score,x,y,r,x_min,y_min,x_max,y_max,x_shape,y_shape,frameID,time,condition,outlier,cell_count_v3_Target,cell_count_v3_Effector,cell_count_v3_dead_Target,cell_count_v3_dead_Effector
0,0.999999999999994,3278,107,65,3213,42,3343,172,130,130,0,1,Mix,False,2.0,0.0,0.0,0.0
1,0.9424999999999908,2495,116,70,2425,46,2565,186,140,140,0,1,Mix,False,4.0,0.0,0.0,0.0
2,0.9999999999999896,2756,116,70,2686,46,2826,186,140,140,0,1,Mix,False,1.0,0.0,0.0,0.0
3,0.9974999999999896,3016,116,70,2946,46,3086,186,140,140,0,1,Mix,False,1.0,0.0,0.0,0.0
4,0.9999999999999896,3536,120,69,3467,51,3605,189,138,138,0,1,Mix,False,2.0,0.0,0.0,0.0
5,0.9999999999999896,3785,121,70,3715,51,3855,191,140,140,0,1,Mix,False,1.0,0.0,0.0,0.0
6,0.9999999999999896,4044,124,70,3974,54,4114,194,140,140,0,1,Mix,False,3.0,0.0,0.0,0.0
7,0.9999999999999896,4303,125,70,4233,55,4373,195,140,140,0,1,Mix,False,2.0,0.0,0.0,0.0
8,0.9999999999999896,4568,130,70,4498,60,4638,200,140,140,0,1,Mix,False,2.0,0.0,0.0,0.0
9,0.9999999999999896,5080,130,70,5010,60,5150,200,140,140,0,1,Mix,False,3.0,0.0,0.0,0.0
10,0.9999999999999896,5340,130,70,5270,60,5410,200,140,140,0,1,Mix,False,1.0,0.0,0.0,0.0
11,0.9649999999999904,4824,133,70,4754,63,4894,203,140,140,0,1,Mix,False,3.0,0.0,0.0,0.0
12,0.98249999999999,2886,190,70,2816,120,2956,260,140,140,0,1,Mix,False,0.0,0.0,0.0,0.0
13,0.9099999999999916,2626,191,70,2556,121,2696,261,140,140,0,1,Mix,False,2.0,0.0,1.0,0.0
14,0.8724999999999924,3146,192,70,3076,122,3216,262,140,140,0,1,Mix,False,0.0,0.0,0.0,0.0
15,0.9999999999999896,3406,194,70,3336,124,3476,264,140,140,0,1,Mix,True,2.0,0.0,0.0,0.0
16,0.999999999999994,3660,195,65,3595,130,3725,260,130,130,0,1,Mix,False,2.0,0.0,0.0,0.0
17,0.9949999999999898,3914,197,70,3844,127,3984,267,140,140,0,1,Mix,False,0.0,1.0,0.0,0.0
18,0.9999999999999896,4173,200,70,4103,130,4243,270,140,140,0,1,Mix,False,0.0,0.0,0.0,0.0
19,0.97999999999999,4437,202,70,4367,132,4507,272,140,140,0,1,Mix,False,2.0,0.0,0.0,0.0
20,0.7724999999999945,5469,205,70,5399,135,5539,275,140,140,0,1,Mix,False,0.0,0.0,0.0,0.0
21,0.9999999999999896,5208,206,70,5138,136,5278,276,140,140,0,1,Mix,False,2.0,0.0,0.0,0.0
22,0.9999999999999896,4694,208,70,4624,138,4764,278,140,140,0,1,Mix,False,2.0,0.0,0.0,0.0
23,0.9999999999999896,4952,209,70,4882,139,5022,279,140,140,0,1,Mix,False,1.0,0.0,0.0,0.0
24,0.9599999999999904,2496,265,70,2426,195,2566,335,140,140,0,1,Mix,False,3.0,0.0,0.0,0.0
25,0.9574999999999906,2755,265,70,2685,195,2825,335,140,140,0,1,Mix,False,0.0,0.0,0.0,0.0
26,0.97999999999999,3016,266,70,2946,196,3086,336,140,140,0,1,Mix,False,2.0,0.0,0.0,0.0
27,0.9974999999999896,3275,267,70,3205,197,3345,337,140,140,0,1,Mix,False,0.0,0.0,0.0,0.0
28,0.9599999999999904,3536,268,70,3466,198,3606,338,140,140,0,1,Mix,False,3.0,0.0,0.0,0.0
29,0.9999999999999896,3783,271,70,3713,201,3853,341,140,140,0,1,Mix,False,1.0,0.0,0.0,0.0
30,0.9999999999999896,4042,273,70,3972,203,4112,343,140,140,0,1,Mix,False,1.0,0.0,0.0,0.0
31,0.9424999999999908,4565,281,70,4495,211,4635,351,140,140,0,1,Mix,False,2.0,0.0,0.0,0.0
32,0.9999999999999896,4823,283,70,4753,213,4893,353,140,140,0,1,Mix,False,1.0,0.0,0.0,0.0
33,0.9999999999999896,5082,284,70,5012,214,5152,354,140,140,0,1,Mix,False,2.0,0.0,0.0,0.0
34,0.9199999999999914,2885,340,70,2815,270,2955,410,140,140,0,1,Mix,True,1.0,0.0,0.0,0.0
35,0.889999999999992,2625,341,70,2555,271,2695,411,140,140,0,1,Mix,False,3.0,0.0,0.0,0.0
36,0.8749999999999923,3145,342,70,3075,272,3215,412,140,140,0,1,Mix,False,0.0,0.0,0.0,0.0
37,0.9649999999999904,3404,344,70,3334,274,3474,414,140,140,0,1,Mix,False,2.0,1.0,0.0,0.0
38,0.9999999999999896,3912,347,70,3842,277,3982,417,140,140,0,1,Mix,False,4.0,0.0,0.0,0.0
39,0.9974999999999896,3659,353,70,3589,283,3729,423,140,140,0,1,Mix,False,3.0,0.0,0.0,0.0
40,0.9999999999999896,4435,356,70,4365,286,4505,426,140,140,0,1,Mix,False,0.0,0.0,0.0,0.0
41,0.98249999999999,4694,357,70,4624,287,4764,427,140,140,0,1,Mix,False,2.0,0.0,0.0,0.0
42,0.9974999999999896,4952,359,70,4882,289,5022,429,140,140,0,1,Mix,False,2.0,2.0,0.0,0.0
43,0.7124999999999958,5468,359,70,5398,289,5538,429,140,140,0,1,Mix,False,3.0,0.0,0.0,0.0
44,0.9999999999999896,5210,360,70,5140,290,5280,430,140,140,0,1,Mix,False,3.0,0.0,1.0,0.0
45,0.8949999999999919,2494,415,70,2424,345,2564,485,140,140,0,1,Mix,False,3.0,0.0,0.0,0.0
46,0.9924999999999898,2754,415,70,2684,345,2824,485,140,140,0,1,Mix,False,3.0,0.0,0.0,0.0
47,0.9449999999999908,3015,416,70,2945,346,3085,486,140,140,0,1,Mix,False,2.0,0.0,0.0,0.0
48,0.9999999999999896,3274,417,70,3204,347,3344,487,140,140,0,1,Mix,False,0.0,1.0,0.0,0.0
49,0.8271276595744647,3794,417,65,3729,352,3859,482,130,130,0,1,Mix,False,0.0,0.0,0.0,0.0
50,0.9999999999999896,3528,425,70,3458,355,3598,495,140,140,0,1,Mix,False,3.0,0.0,0.0,0.0
51,0.98249999999999,4304,430,70,4234,360,4374,500,140,140,0,1,Mix,False,3.0,0.0,0.0,0.0
52,0.9999999999999896,4564,432,70,4494,362,4634,502,140,140,0,1,Mix,False,2.0,0.0,0.0,0.0
53,0.9999999999999896,4822,433,70,4752,363,4892,503,140,140,0,1,Mix,False,2.0,0.0,0.0,0.0
54,0.9999999999999896,4042,434,70,3972,364,4112,504,140,140,0,1,Mix,False,2.0,0.0,0.0,0.0
55,0.9999999999999896,5081,434,70,5011,364,5151,504,140,140,0,1,Mix,False,2.0,0.0,0.0,0.0
56,0.9999999999999896,5339,435,70,5269,365,5409,505,140,140,0,1,Mix,False,2.0,0.0,0.0,0.0
57,0.9299999999999912,2623,491,70,2553,421,2693,561,140,140,0,1,Mix,True,0.0,0.0,0.0,0.0
58,0.8499999999999929,2884,491,70,2814,421,2954,561,140,140,0,1,Mix,False,0.0,0.0,0.0,0.0
59,0.9249999999999912,3145,492,70,3075,422,3215,562,140,140,0,1,Mix,False,0.0,0.0,0.0,0.0
60,0.9999999999999896,3906,496,70,3836,426,3976,566,140,140,0,1,Mix,False,2.0,0.0,0.0,0.0
61,0.9724999999999904,3399,499,70,3329,429,3469,569,140,140,0,1,Mix,False,2.0,0.0,0.0,0.0
62,0.9299999999999912,3656,503,70,3586,433,3726,573,140,140,0,1,Mix,False,2.0,0.0,0.0,0.0
63,0.9999999999999896,4174,505,70,4104,435,4244,575,140,140,0,1,Mix,False,2.0,0.0,1.0,0.0
64,0.9974999999999896,4435,506,70,4365,436,4505,576,140,140,0,1,Mix,False,0.0,0.0,0.0,0.0
65,0.9999999999999896,4694,507,70,4624,437,4764,577,140,140,0,1,Mix,False,1.0,0.0,0.0,0.0
66,0.9999999999999896,4952,508,70,4882,438,5022,578,140,140,0,1,Mix,False,3.0,0.0,0.0,0.0
67,0.9999999999999896,5210,509,70,5140,439,5280,579,140,140,0,1,Mix,False,1.0,0.0,0.0,0.0
68,0.9999999999999896,5468,510,70,5398,440,5538,580,140,140,0,1,Mix,False,4.0,0.0,0.0,0.0
69,0.8799999999999922,2753,565,70,2683,495,2823,635,140,140,0,1,Mix,False,0.0,0.0,0.0,0.0
70,0.9149999999999916,3014,566,70,2944,496,3084,636,140,140,0,1,Mix,False,2.0,0.0,0.0,0.0
71,0.9674999999999904,3270,574,70,3200,504,3340,644,140,140,0,1,Mix,False,2.0,0.0,0.0,0.0
72,0.9999999999999896,3526,576,70,3456,506,3596,646,140,140,0,1,Mix,False,2.0,0.0,0.0,0.0
73,0.999999999999994,4051,579,65,3986,514,4116,644,130,130,0,1,Mix,False,2.0,0.0,0.0,0.0
74,0.9999999999999896,3784,580,70,3714,510,3854,650,140,140,0,1,Mix,False,2.0,0.0,0.0,0.0
75,0.98749999999999,4304,580,70,4234,510,4374,650,140,140,0,1,Mix,False,2.0,0.0,0.0,0.0
76,0.9999999999999896,4564,581,70,4494,511,4634,651,140,140,0,1,Mix,False,2.0,0.0,1.0,0.0
77,0.9999999999999896,4822,582,70,4752,512,4892,652,140,140,0,1,Mix,False,1.0,0.0,0.0,0.0
78,0.9999999999999896,5080,583,70,5010,513,5150,653,140,140,0,1,Mix,False,2.0,0.0,0.0,0.0
79,0.9999999999999896,5338,584,69,5269,515,5407,653,138,138,0,1,Mix,False,3.0,0.0,0.0,0.0
80,0.9999999999999896,2624,640,70,2554,570,2694,710,140,140,0,1,Mix,True,0.0,0.0,1.0,0.0
81,0.8649999999999926,2883,640,70,2813,570,2953,710,140,140,0,1,Mix,True,1.0,0.0,0.0,0.0
82,0.9999999999999896,3918,645,70,3848,575,3988,715,140,140,0,1,Mix,False,3.0,0.0,0.0,0.0
83,0.9924999999999898,3140,647,70,3070,577,3210,717,140,140,0,1,Mix,True,1.0,0.0,0.0,0.0
84,0.9999999999999896,3398,651,70,3328,581,3468,721,140,140,0,1,Mix,False,1.0,0.0,0.0,0.0
85,0.9999999999999896,3654,652,70,3584,582,3724,722,140,140,0,1,Mix,False,2.0,0.0,0.0,0.0
86,0.9999999999999896,4173,654,70,4103,584,4243,724,140,140,0,1,Mix,False,2.0,0.0,0.0,0.0
87,0.9999999999999896,4434,655,70,4364,585,4504,725,140,140,0,1,Mix,False,1.0,0.0,0.0,0.0
88,0.9999999999999896,4692,656,70,4622,586,4762,726,140,140,0,1,Mix,False,2.0,0.0,0.0,0.0
89,0.9999999999999896,4951,657,70,4881,587,5021,727,140,140,0,1,Mix,False,3.0,0.0,0.0,0.0
90,0.9999999999999896,5209,658,70,5139,588,5279,728,140,140,0,1,Mix,False,2.0,0.0,0.0,0.0
91,0.9649999999999904,5468,659,70,5398,589,5538,729,140,140,0,1,Mix,False,1.0,0.0,0.0,0.0
92,0.9599999999999904,2753,715,70,2683,645,2823,785,140,140,0,1,Mix,False,0.0,0.0,0.0,0.0
93,0.9049999999999916,3010,721,70,2940,651,3080,791,140,140,0,1,Mix,False,0.0,0.0,0.0,0.0
94,0.999999999999994,3273,724,65,3208,659,3338,789,130,130,0,1,Mix,False,0.0,0.0,0.0,0.0
95,0.9999999999999896,4042,726,70,3972,656,4112,796,140,140,0,1,Mix,False,1.0,0.0,0.0,0.0
96,0.9999999999999896,3525,727,70,3455,657,3595,797,140,140,0,1,Mix,False,2.0,0.0,0.0,0.0
97,0.9999999999999896,3785,729,70,3715,659,3855,799,140,140,0,1,Mix,False,1.0,0.0,1.0,0.0
98,0.9774999999999902,4303,729,70,4233,659,4373,799,140,140,0,1,Mix,False,2.0,0.0,0.0,0.0
99,0.9999999999999896,4563,730,70,4493,660,4633,800,140,140,0,1,Mix,False,3.0,0.0,0.0,0.0
100,0.9999999999999896,4822,732,70,4752,662,4892,802,140,140,0,1,Mix,False,2.0,0.0,0.0,0.0
101,0.9999999999999896,5080,732,70,5010,662,5150,802,140,140,0,1,Mix,False,1.0,0.0,0.0,0.0
102,0.9999999999999896,5338,734,70,5268,664,5408,804,140,140,0,1,Mix,False,2.0,0.0,0.0,0.0
103,0.9774999999999902,2623,790,70,2553,720,2693,860,140,140,0,1,Mix,False,3.0,0.0,0.0,0.0
104,0.8474999999999929,2879,797,70,2809,727,2949,867,140,140,0,1,Mix,False,2.0,0.0,0.0,0.0
105,0.9474999999999908,3140,797,70,3070,727,3210,867,140,140,0,1,Mix,True,0.0,0.0,0.0,0.0
106,0.9999999999999896,3396,800,70,3326,730,3466,870,140,140,0,1,Mix,False,0.0,0.0,0.0,0.0
107,0.9949999999999898,3654,801,70,3584,731,3724,871,140,140,0,1,Mix,False,0.0,0.0,0.0,0.0
108,0.9999999999999896,3914,803,70,3844,733,3984,873,140,140,0,1,Mix,False,2.0,0.0,0.0,0.0
109,0.9999999999999896,4432,804,70,4362,734,4502,874,140,140,0,1,Mix,False,2.0,0.0,0.0,0.0
110,0.9999999999999896,4692,806,70,4622,736,4762,876,140,140,0,1,Mix,False,0.0,0.0,0.0,0.0
111,0.9999999999999896,4951,807,70,4881,737,5021,877,140,140,0,1,Mix,False,0.0,0.0,1.0,0.0
112,0.9999999999999896,5208,808,70,5138,738,5278,878,140,140,0,1,Mix,False,2.0,0.0,0.0,0.0
113,0.9724999999999904,5468,808,70,5398,738,5538,878,140,140,0,1,Mix,False,1.0,0.0,0.0,0.0
114,0.97999999999999,2749,872,70,2679,802,2819,942,140,140,0,1,Mix,False,0.0,0.0,0.0,0.0
115,0.9974999999999896,3010,872,70,2940,802,3080,942,140,140,0,1,Mix,False,0.0,0.0,0.0,0.0
116,0.9999999999999896,3266,875,70,3196,805,3336,945,140,140,0,1,Mix,False,4.0,0.0,0.0,0.0
117,0.9924999999999898,3525,876,70,3455,806,3595,946,140,140,0,1,Mix,False,3.0,0.0,0.0,0.0
118,0.9999999999999896,3785,878,69,3716,809,3854,947,138,138,0,1,Mix,False,1.0,0.0,0.0,0.0
119,0.9999999999999896,4302,879,70,4232,809,4372,949,140,140,0,1,Mix,False,2.0,0.0,0.0,0.0
120,0.9999999999999896,4562,880,70,4492,810,4632,950,140,140,0,1,Mix,False,3.0,0.0,0.0,0.0
121,0.999999999999994,4046,881,65,3981,816,4111,946,130,130,0,1,Mix,False,2.0,0.0,0.0,0.0
122,0.9999999999999896,4821,881,70,4751,811,4891,951,140,140,0,1,Mix,False,0.0,0.0,0.0,0.0
123,0.9999999999999896,5080,882,69,5011,813,5149,951,138,138,0,1,Mix,False,3.0,0.0,0.0,0.0
124,0.9999999999999896,5337,883,70,5267,813,5407,953,140,140,0,1,Mix,False,2.0,0.0,0.0,0.0
125,0.98249999999999,2616,941,70,2546,871,2686,1011,140,140,0,1,Mix,True,0.0,0.0,0.0,0.0
126,0.9999999999999896,2879,946,70,2809,876,2949,1016,140,140,0,1,Mix,False,0.0,1.0,0.0,1.0
127,0.9999999999999896,3138,950,70,3068,880,3208,1020,140,140,0,1,Mix,False,3.0,0.0,0.0,0.0
128,0.9999999999999896,3395,951,70,3325,881,3465,1021,140,140,0,1,Mix,False,0.0,0.0,0.0,0.0
129,0.9999999999999896,3654,951,70,3584,881,3724,1021,140,140,0,1,Mix,False,2.0,0.0,0.0,0.0
130,0.9999999999999896,3913,952,70,3843,882,3983,1022,140,140,0,1,Mix,False,1.0,0.0,0.0,0.0
131,0.9999999999999896,4432,953,70,4362,883,4502,1023,140,140,0,1,Mix,False,1.0,0.0,0.0,0.0
132,0.9999999999999896,4172,954,70,4102,884,4242,1024,140,140,0,1,Mix,False,2.0,0.0,1.0,0.0
133,0.9999999999999896,4692,955,70,4622,885,4762,1025,140,140,0,1,Mix,False,2.0,0.0,0.0,0.0
134,0.9924999999999898,4950,956,69,4881,887,5019,1025,138,138,0,1,Mix,False,1.0,0.0,0.0,0.0
135,0.9999999999999896,5208,957,70,5138,887,5278,1027,140,140,0,1,Mix,False,1.0,0.0,0.0,0.0
136,0.9924999999999898,5467,959,70,5397,889,5537,1029,140,140,0,1,Mix,False,2.0,0.0,0.0,0.0
137,0.9999999999999896,3008,1021,69,2939,952,3077,1090,138,138,0,1,Mix,False,3.0,0.0,0.0,0.0
138,0.98749999999999,2742,1022,70,2672,952,2812,1092,140,140,0,1,Mix,False,0.0,0.0,0.0,0.0
139,0.9999999999999896,3524,1025,70,3454,955,3594,1095,140,140,0,1,Mix,False,1.0,0.0,0.0,0.0
140,0.9999999999999896,3783,1026,70,3713,956,3853,1096,140,140,0,1,Mix,False,3.0,0.0,0.0,0.0
141,0.9999999999999896,3266,1027,70,3196,957,3336,1097,140,140,0,1,Mix,False,1.0,0.0,0.0,0.0
142,0.9999999999999896,4042,1028,70,3972,958,4112,1098,140,140,0,1,Mix,False,2.0,0.0,0.0,0.0
143,0.9999999999999896,4302,1028,70,4232,958,4372,1098,140,140,0,1,Mix,False,2.0,0.0,0.0,0.0
144,0.98999999999999,4562,1029,69,4493,960,4631,1098,138,138,0,1,Mix,False,3.0,0.0,0.0,0.0
145,0.9999999999999896,4820,1030,70,4750,960,4890,1100,140,140,0,1,Mix,False,1.0,0.0,0.0,0.0
146,0.9999999999999896,5079,1032,70,5009,962,5149,1102,140,140,0,1,Mix,False,2.0,0.0,0.0,0.0
147,0.9999999999999896,5336,1033,69,5267,964,5405,1102,138,138,0,1,Mix,False,2.0,0.0,0.0,0.0
148,0.9999999999999896,2872,1095,70,2802,1025,2942,1165,140,140,0,1,Mix,False,2.0,0.0,0.0,0.0
149,0.9999999999999896,3135,1100,70,3065,1030,3205,1170,140,140,0,1,Mix,False,0.0,1.0,0.0,0.0
150,0.9974999999999896,3396,1100,69,3327,1031,3465,1169,138,138,0,1,Mix,False,0.0,0.0,0.0,0.0
151,0.9999999999999896,3654,1100,70,3584,1030,3724,1170,140,140,0,1,Mix,False,2.0,0.0,0.0,0.0
152,0.9999999999999896,3912,1102,70,3842,1032,3982,1172,140,140,0,1,Mix,False,2.0,0.0,0.0,0.0
153,0.9999999999999896,4432,1102,70,4362,1032,4502,1172,140,140,0,1,Mix,False,2.0,0.0,0.0,0.0
154,0.9999999999999896,4170,1103,69,4101,1034,4239,1172,138,138,0,1,Mix,False,0.0,0.0,0.0,0.0
155,0.98749999999999,4691,1105,69,4622,1036,4760,1174,138,138,0,1,Mix,False,1.0,0.0,0.0,0.0
156,0.98749999999999,4949,1106,69,4880,1037,5018,1175,138,138,0,1,Mix,False,1.0,0.0,0.0,0.0
157,0.9999999999999896,5208,1108,69,5139,1039,5277,1177,138,138,0,1,Mix,False,3.0,0.0,0.0,0.0
158,0.9999999999999896,5467,1108,70,5397,1038,5537,1178,140,140,0,1,Mix,False,2.0,0.0,0.0,0.0
159,0.9999999999999896,3002,1169,70,2932,1099,3072,1239,140,140,0,1,Mix,False,3.0,0.0,0.0,0.0
160,0.999999999999994,3268,1171,65,3203,1106,3333,1236,130,130,0,1,Mix,False,0.0,0.0,0.0,0.0
161,0.9999999999999896,2744,1172,70,2674,1102,2814,1242,140,140,0,1,Mix,False,2.0,0.0,0.0,0.0
162,0.9999999999999896,3782,1176,70,3712,1106,3852,1246,140,140,0,1,Mix,False,2.0,0.0,0.0,0.0
163,0.9924999999999898,4040,1177,69,3971,1108,4109,1246,138,138,0,1,Mix,False,3.0,0.0,0.0,0.0
164,0.9999999999999896,4300,1178,70,4230,1108,4370,1248,140,140,0,1,Mix,False,3.0,0.0,0.0,0.0
165,0.9999999999999896,4561,1179,70,4491,1109,4631,1249,140,140,0,1,Mix,False,3.0,0.0,0.0,0.0
166,0.9999999999999896,4820,1180,69,4751,1111,4889,1249,138,138,0,1,Mix,False,2.0,0.0,0.0,0.0
167,0.9999999999999896,5078,1181,69,5009,1112,5147,1250,138,138,0,1,Mix,False,2.0,0.0,0.0,0.0
168,0.9999999999999896,5336,1182,69,5267,1113,5405,1251,138,138,0,1,Mix,False,0.0,0.0,0.0,0.0
169,0.9999999999999896,3389,1248,69,3320,1179,3458,1317,138,138,0,1,Mix,False,4.0,0.0,0.0,0.0
170,0.9624999999999904,2874,1249,70,2804,1179,2944,1319,140,140,0,1,Mix,False,0.0,0.0,0.0,0.0
171,0.9999999999999896,3128,1249,70,3058,1179,3198,1319,140,140,0,1,Mix,False,0.0,0.0,0.0,0.0
172,0.9999999999999896,3652,1249,70,3582,1179,3722,1319,140,140,0,1,Mix,False,1.0,0.0,0.0,0.0
173,0.9999999999999896,3911,1251,70,3841,1181,3981,1321,140,140,0,1,Mix,False,2.0,0.0,0.0,0.0
174,0.9999999999999896,4430,1252,70,4360,1182,4500,1322,140,140,0,1,Mix,False,1.0,0.0,0.0,0.0
175,0.9999999999999896,4170,1253,70,4100,1183,4240,1323,140,140,0,1,Mix,False,2.0,0.0,0.0,0.0
176,0.9999999999999896,4690,1254,70,4620,1184,4760,1324,140,140,0,1,Mix,False,3.0,0.0,0.0,0.0
177,0.9999999999999896,4948,1255,69,4879,1186,5017,1324,138,138,0,1,Mix,False,1.0,0.0,0.0,0.0
178,0.9999999999999896,5207,1256,69,5138,1187,5276,1325,138,138,0,1,Mix,False,1.0,0.0,0.0,0.0
179,0.98999999999999,5466,1259,70,5396,1189,5536,1329,140,140,0,1,Mix,False,2.0,0.0,0.0,0.0
180,0.9999999999999896,2624,1260,70,2554,1190,2694,1330,140,140,0,1,Mix,False,4.0,0.0,0.0,0.0
181,0.9999999999999896,3520,1318,70,3450,1248,3590,1388,140,140,0,1,Mix,False,2.0,0.0,0.0,0.0
182,0.98999999999999,3259,1320,69,3190,1251,3328,1389,138,138,0,1,Mix,False,2.0,0.0,0.0,0.0
183,0.9999999999999896,3781,1325,70,3711,1255,3851,1395,140,140,0,1,Mix,False,4.0,0.0,0.0,0.0
184,0.9949999999999898,4040,1327,69,3971,1258,4109,1396,138,138,0,1,Mix,False,1.0,0.0,0.0,0.0
185,0.9999999999999896,4300,1328,70,4230,1258,4370,1398,140,140,0,1,Mix,False,1.0,0.0,0.0,0.0
186,0.9999999999999896,4560,1328,70,4490,1258,4630,1398,140,140,0,1,Mix,False,1.0,0.0,0.0,0.0
187,0.9999999999999896,4820,1329,69,4751,1260,4889,1398,138,138,0,1,Mix,False,4.0,0.0,1.0,0.0
188,0.9999999999999896,3002,1330,70,2932,1260,3072,1400,140,140,0,1,Mix,False,1.0,0.0,0.0,0.0
189,0.9999999999999896,5077,1330,69,5008,1261,5146,1399,138,138,0,1,Mix,False,2.0,0.0,0.0,0.0
190,0.9999999999999896,2752,1336,70,2682,1266,2822,1406,140,140,0,1,Mix,False,1.0,0.0,0.0,0.0
191,0.999999999999994,5341,1341,65,5276,1276,5406,1406,130,130,0,1,Mix,False,0.0,0.0,0.0,0.0
192,0.9999999999999896,3386,1396,70,3316,1326,3456,1466,140,140,0,1,Mix,False,2.0,0.0,0.0,0.0
193,0.9999999999999896,3651,1398,70,3581,1328,3721,1468,140,140,0,1,Mix,False,3.0,0.0,0.0,0.0
194,0.9999999999999896,3910,1400,69,3841,1331,3979,1469,138,138,0,1,Mix,False,2.0,0.0,0.0,0.0
195,0.9999999999999896,4430,1401,69,4361,1332,4499,1470,138,138,0,1,Mix,False,2.0,0.0,0.0,0.0
196,0.8849999999999921,3133,1402,70,3063,1332,3203,1472,140,140,0,1,Mix,False,3.0,0.0,0.0,0.0
197,0.9999999999999896,4169,1402,69,4100,1333,4238,1471,138,138,0,1,Mix,False,1.0,0.0,0.0,0.0
198,0.9999999999999896,4692,1404,69,4623,1335,4761,1473,138,138,0,1,Mix,False,0.0,0.0,0.0,0.0
199,0.9999999999999896,4948,1406,69,4879,1337,5017,1475,138,138,0,1,Mix,False,2.0,0.0,0.0,0.0
200,0.9999999999999896,5206,1406,69,5137,1337,5275,1475,138,138,0,1,Mix,False,2.0,0.0,0.0,0.0
201,0.9999999999999896,5467,1408,70,5397,1338,5537,1478,140,140,0,1,Mix,False,2.0,0.0,0.0,0.0
202,0.9999999999999896,3517,1464,69,3448,1395,3586,1533,138,138,0,1,Mix,False,2.0,0.0,0.0,0.0
203,0.9999999999999942,3782,1474,67,3715,1407,3849,1541,134,134,0,1,Mix,False,1.0,0.0,0.0,0.0
204,0.9999999999999896,4040,1476,69,3971,1407,4109,1545,138,138,0,1,Mix,False,3.0,0.0,0.0,0.0
205,0.9999999999999928,4299,1476,68,4231,1408,4367,1544,136,136,0,1,Mix,False,1.0,0.0,0.0,0.0
206,0.9999999999999896,4562,1478,69,4493,1409,4631,1547,138,138,0,1,Mix,False,3.0,0.0,0.0,0.0
207,0.7249999999999955,3261,1480,70,3191,1410,3331,1550,140,140,0,1,Mix,False,0.0,1.0,0.0,0.0
208,0.9999999999999896,5076,1481,69,5007,1412,5145,1550,138,138,0,1,Mix,False,2.0,0.0,0.0,0.0
209,0.9999999999999896,5335,1481,69,5266,1412,5404,1550,138,138,0,1,Mix,False,1.0,0.0,0.0,0.0
210,0.999999999999994,4828,1483,65,4763,1418,4893,1548,130,130,0,1,Mix,False,2.0,0.0,0.0,0.0
211,0.9999999999999928,3012,1486,68,2944,1418,3080,1554,136,136,0,1,Mix,False,2.0,0.0,0.0,0.0
212,0.9999999999999896,3653,1549,69,3584,1480,3722,1618,138,138,0,1,Mix,False,3.0,0.0,0.0,0.0
213,0.9999999999999896,3396,1550,69,3327,1481,3465,1619,138,138,0,1,Mix,False,2.0,0.0,0.0,0.0
214,0.9999999999999896,3910,1550,69,3841,1481,3979,1619,138,138,0,1,Mix,False,1.0,0.0,0.0,0.0
215,0.9999999999999928,4169,1551,68,4101,1483,4237,1619,136,136,0,1,Mix,False,2.0,0.0,0.0,0.0
216,0.9999999999999896,4429,1553,70,4359,1483,4499,1623,140,140,0,1,Mix,False,2.0,0.0,0.0,0.0
217,0.9999999999999928,4690,1554,68,4622,1486,4758,1622,136,136,0,1,Mix,False,2.0,0.0,0.0,0.0
218,0.9973958333333276,4948,1556,67,4881,1489,5015,1623,134,134,0,1,Mix,False,2.0,0.0,0.0,0.0
219,0.9999999999999928,5206,1556,68,5138,1488,5274,1624,136,136,0,1,Mix,False,3.0,0.0,0.0,0.0
220,0.999999999999994,3136,1557,65,3071,1492,3201,1622,130,130,0,1,Mix,False,2.0,0.0,0.0,0.0
221,0.9999999999999896,5466,1557,70,5396,1487,5536,1627,140,140,0,1,Mix,True,3.0,0.0,0.0,0.0
222,0.9999999999999896,2858,1574,70,2788,1504,2928,1644,140,140,0,1,Mix,False,0.0,0.0,0.0,0.0
223,0.9999999999999896,3780,1626,69,3711,1557,3849,1695,138,138,0,1,Mix,False,2.0,0.0,0.0,0.0
224,0.9999999999999928,4039,1626,68,3971,1558,4107,1694,136,136,0,1,Mix,False,3.0,0.0,0.0,0.0
225,0.9999999999999928,4298,1627,68,4230,1559,4366,1695,136,136,0,1,Mix,False,1.0,0.0,0.0,0.0
226,0.9948979591836664,4561,1629,68,4493,1561,4629,1697,136,136,0,1,Mix,False,3.0,0.0,0.0,0.0
227,0.9999999999999928,4819,1629,68,4751,1561,4887,1697,136,136,0,1,Mix,False,2.0,0.0,0.0,0.0
228,0.9999999999999928,5076,1632,68,5008,1564,5144,1700,136,136,0,1,Mix,False,2.0,0.0,0.0,0.0
229,0.9999999999999928,5334,1632,68,5266,1564,5402,1700,136,136,0,1,Mix,False,0.0,0.0,0.0,0.0
230,0.9999999999999928,3259,1634,68,3191,1566,3327,1702,136,136,0,1,Mix,False,1.0,0.0,0.0,0.0
231,0.9999999999999896,2996,1635,69,2927,1566,3065,1704,138,138,0,1,Mix,False,2.0,0.0,0.0,0.0
232,0.9999999999999896,3514,1641,69,3445,1572,3583,1710,138,138,0,1,Mix,False,0.0,0.0,0.0,0.0
233,0.9999999999999896,2728,1649,69,2659,1580,2797,1718,138,138,0,1,Mix,False,2.0,0.0,0.0,0.0
234,0.9999999999999928,3651,1701,68,3583,1633,3719,1769,136,136,0,1,Mix,False,1.0,0.0,0.0,0.0
235,0.9923469387755032,3910,1701,68,3842,1633,3978,1769,136,136,0,1,Mix,False,0.0,0.0,0.0,0.0
236,0.9999999999999928,4168,1701,68,4100,1633,4236,1769,136,136,0,1,Mix,False,1.0,0.0,0.0,0.0
237,0.9999999999999928,4428,1704,68,4360,1636,4496,1772,136,136,0,1,Mix,False,3.0,0.0,0.0,0.0
238,0.9999999999999928,4690,1704,68,4622,1636,4758,1772,136,136,0,1,Mix,False,2.0,0.0,0.0,0.0
239,0.9999999999999928,4947,1706,68,4879,1638,5015,1774,136,136,0,1,Mix,False,2.0,0.0,0.0,0.0
240,0.9999999999999928,5205,1706,68,5137,1638,5273,1774,136,136,0,1,Mix,False,2.0,0.0,0.0,0.0
241,0.9999999999999896,3128,1707,69,3059,1638,3197,1776,138,138,0,1,Mix,False,1.0,0.0,0.0,0.0
242,0.9999999999999896,5466,1707,70,5396,1637,5536,1777,140,140,0,1,Mix,True,2.0,0.0,0.0,0.0
243,0.9999999999999896,3384,1715,69,3315,1646,3453,1784,138,138,0,1,Mix,False,0.0,0.0,0.0,0.0
244,0.98749999999999,2857,1725,69,2788,1656,2926,1794,138,138,0,1,Mix,False,3.0,0.0,0.0,0.0
245,0.9999999999999928,3780,1776,68,3712,1708,3848,1844,136,136,0,1,Mix,False,1.0,0.0,0.0,0.0
246,0.9999999999999928,4038,1776,68,3970,1708,4106,1844,136,136,0,1,Mix,False,2.0,0.0,0.0,0.0
247,0.9948979591836664,4298,1777,68,4230,1709,4366,1845,136,136,0,1,Mix,False,1.0,0.0,0.0,0.0
248,0.9999999999999896,4559,1778,69,4490,1709,4628,1847,138,138,0,1,Mix,False,3.0,0.0,0.0,0.0
249,0.9999999999999928,4818,1780,68,4750,1712,4886,1848,136,136,0,1,Mix,False,3.0,0.0,0.0,0.0
250,0.9999999999999928,5075,1780,68,5007,1712,5143,1848,136,136,0,1,Mix,False,0.0,0.0,0.0,0.0
251,0.9999999999999928,5334,1781,68,5266,1713,5402,1849,136,136,0,1,Mix,False,0.0,0.0,0.0,0.0
252,0.9999999999999896,2995,1784,69,2926,1715,3064,1853,138,138,0,1,Mix,False,0.0,0.0,0.0,0.0
253,0.9999999999999896,3254,1788,69,3185,1719,3323,1857,138,138,0,1,Mix,False,0.0,0.0,0.0,0.0
254,0.9999999999999896,3513,1791,69,3444,1722,3582,1860,138,138,0,1,Mix,False,2.0,0.0,0.0,0.0
255,0.9999999999999896,2726,1799,70,2656,1729,2796,1869,140,140,0,1,Mix,False,0.0,0.0,0.0,0.0
256,0.9999999999999896,3650,1850,69,3581,1781,3719,1919,138,138,0,1,Mix,False,3.0,0.0,0.0,0.0
257,0.9999999999999928,4168,1850,68,4100,1782,4236,1918,136,136,0,1,Mix,False,2.0,0.0,0.0,0.0
258,0.9999999999999928,3909,1851,68,3841,1783,3977,1919,136,136,0,1,Mix,False,1.0,0.0,0.0,0.0
259,0.9948979591836664,4688,1854,68,4620,1786,4756,1922,136,136,0,1,Mix,False,1.0,0.0,0.0,0.0
260,0.9999999999999896,4428,1855,70,4358,1785,4498,1925,140,140,0,1,Mix,False,1.0,0.0,0.0,0.0
261,0.9999999999999928,4946,1855,68,4878,1787,5014,1923,136,136,0,1,Mix,False,2.0,0.0,0.0,0.0
262,0.9999999999999928,5204,1855,68,5136,1787,5272,1923,136,136,0,1,Mix,False,1.0,0.0,0.0,0.0
263,0.9999999999999896,5465,1856,69,5396,1787,5534,1925,138,138,0,1,Mix,True,4.0,0.0,0.0,0.0
264,0.9999999999999896,3123,1862,69,3054,1793,3192,1931,138,138,0,1,Mix,False,4.0,0.0,0.0,0.0
265,0.9999999999999896,3382,1864,69,3313,1795,3451,1933,138,138,0,1,Mix,False,0.0,2.0,0.0,0.0
266,0.98749999999999,2855,1874,69,2786,1805,2924,1943,138,138,0,1,Mix,False,2.0,0.0,1.0,0.0
267,0.7686170212765931,5557,1909,65,5492,1844,5622,1974,130,130,0,1,Mix,True,0.0,0.0,0.0,0.0
268,0.9999999999999928,3780,1925,68,3712,1857,3848,1993,136,136,0,1,Mix,False,1.0,0.0,0.0,0.0
269,0.9999999999999928,4038,1925,68,3970,1857,4106,1993,136,136,0,1,Mix,False,2.0,0.0,0.0,0.0
270,0.9999999999999928,4299,1926,68,4231,1858,4367,1994,136,136,0,1,Mix,False,3.0,0.0,0.0,0.0
271,0.9999999999999928,4558,1928,68,4490,1860,4626,1996,136,136,0,1,Mix,False,3.0,0.0,0.0,0.0
272,0.9999999999999928,4816,1929,68,4748,1861,4884,1997,136,136,0,1,Mix,False,1.0,0.0,1.0,0.0
273,0.9999999999999928,5076,1930,68,5008,1862,5144,1998,136,136,0,1,Mix,False,1.0,0.0,0.0,0.0
274,0.9999999999999942,5333,1930,67,5266,1863,5400,1997,134,134,0,1,Mix,False,0.0,0.0,0.0,0.0
275,0.9999999999999896,2993,1936,69,2924,1867,3062,2005,138,138,0,1,Mix,False,0.0,1.0,0.0,0.0
276,0.9999999999999896,3252,1938,69,3183,1869,3321,2007,138,138,0,1,Mix,False,0.0,0.0,0.0,0.0
277,0.9999999999999896,3512,1940,69,3443,1871,3581,2009,138,138,0,1,Mix,False,1.0,0.0,0.0,0.0
278,0.9974489795918297,2726,1949,68,2658,1881,2794,2017,136,136,0,1,Mix,False,2.0,0.0,0.0,0.0
279,0.9999999999999928,3648,2000,68,3580,1932,3716,2068,136,136,0,1,Mix,False,1.0,0.0,0.0,0.0
280,0.9974489795918297,3908,2000,68,3840,1932,3976,2068,136,136,0,1,Mix,False,1.0,0.0,0.0,0.0
281,0.9999999999999928,4168,2000,68,4100,1932,4236,2068,136,136,0,1,Mix,False,3.0,0.0,0.0,0.0
282,0.9999999999999896,4428,2000,70,4358,1930,4498,2070,140,140,0,1,Mix,False,2.0,0.0,0.0,0.0
283,0.9999999999999928,4688,2003,68,4620,1935,4756,2071,136,136,0,1,Mix,False,1.0,0.0,0.0,0.0
284,0.9999999999999896,5465,2004,70,5395,1934,5535,2074,140,140,0,1,Mix,True,2.0,0.0,0.0,0.0
285,0.98979591836734,4946,2005,68,4878,1937,5014,2073,136,136,0,1,Mix,False,2.0,0.0,0.0,0.0
286,0.9999999999999928,5204,2005,68,5136,1937,5272,2073,136,136,0,1,Mix,False,2.0,0.0,0.0,0.0
287,0.9999999999999896,3122,2012,69,3053,1943,3191,2081,138,138,0,1,Mix,False,1.0,1.0,1.0,0.0
288,0.9999999999999928,3381,2014,68,3313,1946,3449,2082,136,136,0,1,Mix,False,2.0,0.0,0.0,0.0
289,0.9974999999999896,2854,2025,69,2785,1956,2923,2094,138,138,0,1,Mix,False,0.0,0.0,0.0,0.0
290,0.9999999999999896,2600,2028,69,2531,1959,2669,2097,138,138,0,1,Mix,False,0.0,0.0,0.0,0.0
291,0.9999999999999928,3778,2073,68,3710,2005,3846,2141,136,136,0,1,Mix,False,2.0,0.0,0.0,0.0
292,0.9999999999999928,4038,2074,68,3970,2006,4106,2142,136,136,0,1,Mix,False,0.0,0.0,0.0,0.0
293,0.9999999999999896,4299,2076,69,4230,2007,4368,2145,138,138,0,1,Mix,False,1.0,0.0,0.0,0.0
294,0.9999999999999942,4558,2077,67,4491,2010,4625,2144,134,134,0,1,Mix,False,2.0,0.0,0.0,0.0
295,0.9999999999999928,4816,2078,68,4748,2010,4884,2146,136,136,0,1,Mix,False,2.0,0.0,0.0,0.0
296,0.9999999999999928,5075,2079,68,5007,2011,5143,2147,136,136,0,1,Mix,False,1.0,0.0,0.0,0.0
297,0.9999999999999928,5333,2079,68,5265,2011,5401,2147,136,136,0,1,Mix,False,3.0,0.0,1.0,0.0
298,0.9999999999999896,2992,2087,69,2923,2018,3061,2156,138,138,0,1,Mix,False,0.0,0.0,0.0,0.0
299,0.9999999999999928,3251,2088,68,3183,2020,3319,2156,136,136,0,1,Mix,False,0.0,0.0,0.0,0.0
300,0.9999999999999896,3510,2090,69,3441,2021,3579,2159,138,138,0,1,Mix,False,0.0,0.0,0.0,0.0
301,0.7712765957446782,5558,2099,65,5493,2034,5623,2164,130,130,0,1,Mix,True,0.0,0.0,0.0,0.0
302,0.9999999999999896,2718,2119,69,2649,2050,2787,2188,138,138,0,1,Mix,False,1.0,0.0,1.0,0.0
303,0.9974489795918297,3646,2149,68,3578,2081,3714,2217,136,136,0,1,Mix,False,1.0,0.0,0.0,0.0
304,0.9999999999999928,4168,2149,68,4100,2081,4236,2217,136,136,0,1,Mix,False,2.0,0.0,0.0,0.0
305,0.9974489795918297,3907,2150,68,3839,2082,3975,2218,136,136,0,1,Mix,False,2.0,0.0,0.0,0.0
306,0.9999999999999928,4428,2151,68,4360,2083,4496,2219,136,136,0,1,Mix,False,2.0,0.0,0.0,0.0
307,0.9999999999999928,4686,2152,68,4618,2084,4754,2220,136,136,0,1,Mix,False,3.0,0.0,0.0,0.0
308,0.9999999999999942,4946,2154,67,4879,2087,5013,2221,134,134,0,1,Mix,False,2.0,0.0,0.0,0.0
309,0.9999999999999928,5204,2154,68,5136,2086,5272,2222,136,136,0,1,Mix,False,0.0,0.0,0.0,0.0
310,0.9999999999999896,5465,2155,70,5395,2085,5535,2225,140,140,0,1,Mix,True,1.0,0.0,0.0,0.0
311,0.9999999999999896,3121,2162,69,3052,2093,3190,2231,138,138,0,1,Mix,False,2.0,0.0,0.0,0.0
312,0.9999999999999896,3380,2164,69,3311,2095,3449,2233,138,138,0,1,Mix,False,2.0,0.0,0.0,0.0
313,0.9999999999999928,2856,2174,68,2788,2106,2924,2242,136,136,0,1,Mix,False,3.0,0.0,0.0,0.0
314,0.9999999999999928,3776,2222,68,3708,2154,3844,2290,136,136,0,1,Mix,False,2.0,0.0,0.0,0.0
315,0.9999999999999928,4036,2224,68,3968,2156,4104,2292,136,136,0,1,Mix,False,1.0,0.0,0.0,0.0
316,0.9999999999999928,4298,2225,68,4230,2157,4366,2293,136,136,0,1,Mix,False,0.0,0.0,0.0,0.0
317,0.9999999999999928,4558,2226,68,4490,2158,4626,2294,136,136,0,1,Mix,False,1.0,0.0,0.0,0.0
318,0.9999999999999942,4819,2227,67,4752,2160,4886,2294,134,134,0,1,Mix,False,0.0,0.0,0.0,0.0
319,0.9999999999999942,5074,2228,67,5007,2161,5141,2295,134,134,0,1,Mix,False,2.0,0.0,0.0,0.0
320,0.999999999999994,3526,2236,66,3460,2170,3592,2302,132,132,0,1,Mix,False,0.0,0.0,0.0,0.0
321,0.999999999999994,5336,2236,65,5271,2171,5401,2301,130,130,0,1,Mix,False,3.0,0.0,0.0,0.0
322,0.9999999999999896,2991,2237,69,2922,2168,3060,2306,138,138,0,1,Mix,False,2.0,0.0,0.0,0.0
323,0.9999999999999896,3250,2238,69,3181,2169,3319,2307,138,138,0,1,Mix,False,2.0,0.0,0.0,0.0
324,0.7765957446808484,5558,2248,65,5493,2183,5623,2313,130,130,0,1,Mix,True,0.0,0.0,0.0,0.0
325,0.999999999999994,2738,2262,65,2673,2197,2803,2327,130,130,0,1,Mix,False,1.0,0.0,0.0,0.0
326,0.9999999999999928,4166,2298,68,4098,2230,4234,2366,136,136,0,1,Mix,False,2.0,0.0,0.0,0.0
327,0.9999999999999928,4686,2300,68,4618,2232,4754,2368,136,136,0,1,Mix,False,0.0,0.0,0.0,0.0
328,0.9999999999999928,4428,2301,68,4360,2233,4496,2369,136,136,0,1,Mix,False,0.0,0.0,0.0,0.0
329,0.999999999999994,4946,2301,66,4880,2235,5012,2367,132,132,0,1,Mix,False,2.0,0.0,0.0,0.0
330,0.9999999999999942,5203,2303,67,5136,2236,5270,2370,134,134,0,1,Mix,False,2.0,0.0,0.0,0.0
331,0.9999999999999896,5464,2304,70,5394,2234,5534,2374,140,140,0,1,Mix,True,3.0,0.0,0.0,0.0
332,0.9999999999999928,3900,2305,68,3832,2237,3968,2373,136,136,0,1,Mix,False,0.0,0.0,0.0,0.0
333,0.9999999999999928,3654,2308,68,3586,2240,3722,2376,136,136,0,1,Mix,False,1.0,0.0,0.0,1.0
334,0.9999999999999942,3122,2312,67,3055,2245,3189,2379,134,134,0,1,Mix,False,2.0,0.0,0.0,0.0
335,0.9923469387755032,3385,2313,68,3317,2245,3453,2381,136,136,0,1,Mix,False,3.0,0.0,0.0,0.0
336,0.999999999999994,2866,2316,65,2801,2251,2931,2381,130,130,0,1,Mix,False,0.0,0.0,0.0,0.0
337,0.9999999999999928,4032,2374,68,3964,2306,4100,2442,136,136,0,1,Mix,False,1.0,0.0,0.0,0.0
338,0.9999999999999928,4296,2374,68,4228,2306,4364,2442,136,136,0,1,Mix,False,2.0,0.0,0.0,0.0
339,0.9999999999999942,4558,2375,67,4491,2308,4625,2442,134,134,0,1,Mix,False,0.0,0.0,0.0,0.0
340,0.9999999999999928,4816,2375,68,4748,2307,4884,2443,136,136,0,1,Mix,False,2.0,0.0,1.0,0.0
341,0.9999999999999928,5074,2376,68,5006,2308,5142,2444,136,136,0,1,Mix,False,2.0,0.0,1.0,0.0
342,0.9999999999999942,5332,2378,67,5265,2311,5399,2445,134,134,0,1,Mix,False,3.0,0.0,0.0,0.0
343,0.9999999999999928,3516,2382,68,3448,2314,3584,2450,136,136,0,1,Mix,False,3.0,0.0,0.0,0.0
344,0.999999999999994,3783,2385,65,3718,2320,3848,2450,130,130,0,1,Mix,False,1.0,0.0,0.0,0.0
345,0.9999999999999928,2992,2386,68,2924,2318,3060,2454,136,136,0,1,Mix,False,2.0,0.0,0.0,0.0
346,0.9999999999999928,3250,2387,68,3182,2319,3318,2455,136,136,0,1,Mix,False,0.0,1.0,0.0,0.0
347,0.7845744680851036,5560,2395,65,5495,2330,5625,2460,130,130,0,1,Mix,True,0.0,0.0,0.0,0.0
348,0.9999999999999896,2718,2419,69,2649,2350,2787,2488,138,138,0,1,Mix,False,4.0,0.0,0.0,0.0
349,0.8399999999999931,4164,2450,70,4094,2380,4234,2520,140,140,0,1,Mix,False,2.0,0.0,0.0,0.0
350,0.9999999999999928,4425,2450,68,4357,2382,4493,2518,136,136,0,1,Mix,False,3.0,0.0,0.0,0.0
351,0.9999999999999928,4686,2450,68,4618,2382,4754,2518,136,136,0,1,Mix,False,2.0,0.0,0.0,0.0
352,0.9999999999999928,4944,2450,68,4876,2382,5012,2518,136,136,0,1,Mix,False,1.0,0.0,0.0,0.0
353,0.9999999999999928,5203,2452,68,5135,2384,5271,2520,136,136,0,1,Mix,False,3.0,0.0,0.0,0.0
354,0.9999999999999896,5464,2454,70,5394,2384,5534,2524,140,140,0,1,Mix,False,2.0,0.0,0.0,0.0
355,0.9999999999999928,3906,2455,68,3838,2387,3974,2523,136,136,0,1,Mix,False,1.0,0.0,0.0,0.0
356,0.9999999999999942,3644,2456,67,3577,2389,3711,2523,134,134,0,1,Mix,False,2.0,0.0,0.0,0.0
357,0.9999999999999896,2862,2460,69,2793,2391,2931,2529,138,138,0,1,Mix,False,3.0,0.0,1.0,0.0
358,0.9999999999999928,3121,2461,68,3053,2393,3189,2529,136,136,0,1,Mix,False,2.0,0.0,0.0,0.0
359,0.9999999999999928,3379,2462,68,3311,2394,3447,2530,136,136,0,1,Mix,False,2.0,0.0,0.0,0.0
360,0.7952127659574438,5560,2512,65,5495,2447,5625,2577,130,130,0,1,Mix,True,0.0,0.0,0.0,0.0
361,0.9999999999999928,4556,2524,68,4488,2456,4624,2592,136,136,0,1,Mix,False,1.0,0.0,0.0,0.0
362,0.9999999999999928,4814,2524,68,4746,2456,4882,2592,136,136,0,1,Mix,False,1.0,0.0,0.0,0.0
363,0.9999999999999928,3775,2526,68,3707,2458,3843,2594,136,136,0,1,Mix,False,2.0,0.0,0.0,0.0
364,0.9999999999999942,4296,2526,67,4229,2459,4363,2593,134,134,0,1,Mix,False,2.0,0.0,0.0,0.0
365,0.9999999999999942,5074,2526,67,5007,2459,5141,2593,134,134,0,1,Mix,False,1.0,0.0,0.0,0.0
366,0.999999999999994,4035,2527,66,3969,2461,4101,2593,132,132,0,1,Mix,False,3.0,0.0,0.0,0.0
367,0.999999999999994,5332,2527,66,5266,2461,5398,2593,132,132,0,1,Mix,False,3.0,0.0,0.0,0.0
368,0.9999999999999928,3512,2531,68,3444,2463,3580,2599,136,136,0,1,Mix,False,0.0,0.0,0.0,0.0
369,0.9999999999999928,2991,2535,68,2923,2467,3059,2603,136,136,0,1,Mix,False,3.0,0.0,1.0,0.0
370,0.9999999999999928,3252,2539,68,3184,2471,3320,2607,136,136,0,1,Mix,False,3.0,0.0,0.0,0.0
371,0.9999999999999896,2754,2564,69,2685,2495,2823,2633,138,138,0,1,Mix,False,2.0,0.0,0.0,0.0
372,0.999999999999994,3911,2599,65,3846,2534,3976,2664,130,130,0,1,Mix,False,4.0,0.0,0.0,0.0
373,0.9999999999999928,4685,2599,68,4617,2531,4753,2667,136,136,0,1,Mix,False,2.0,0.0,0.0,0.0
374,0.994791666666661,4425,2600,67,4358,2533,4492,2667,134,134,0,1,Mix,False,2.0,0.0,0.0,0.0
375,0.9895833333333276,4943,2600,67,4876,2533,5010,2667,134,134,0,1,Mix,False,2.0,0.0,0.0,0.0
376,0.9999999999999942,5202,2601,67,5135,2534,5269,2668,134,134,0,1,Mix,False,2.0,0.0,0.0,0.0
377,0.9999999999999928,4164,2602,68,4096,2534,4232,2670,136,136,0,1,Mix,False,2.0,0.0,0.0,0.0
378,0.9999999999999896,5464,2602,70,5394,2532,5534,2672,140,140,0,1,Mix,True,1.0,0.0,0.0,0.0
379,0.9999999999999928,3642,2604,68,3574,2536,3710,2672,136,136,0,1,Mix,False,1.0,0.0,0.0,0.0
380,0.9999999999999928,3120,2611,68,3052,2543,3188,2679,136,136,0,1,Mix,False,2.0,0.0,0.0,0.0
381,0.9999999999999928,3382,2612,68,3314,2544,3450,2680,136,136,0,1,Mix,False,0.0,0.0,0.0,0.0
382,0.9999999999999928,2884,2639,68,2816,2571,2952,2707,136,136,0,1,Mix,False,2.0,0.0,0.0,0.0
383,0.8111702127659542,5563,2665,65,5498,2600,5628,2730,130,130,0,1,Mix,True,0.0,0.0,0.0,0.0
384,0.9895833333333276,4555,2673,67,4488,2606,4622,2740,134,134,0,1,Mix,False,2.0,0.0,0.0,0.0
385,0.9895833333333276,4814,2674,67,4747,2607,4881,2741,134,134,0,1,Mix,False,3.0,0.0,0.0,0.0
386,0.9999999999999928,4034,2675,68,3966,2607,4102,2743,136,136,0,1,Mix,False,0.0,0.0,0.0,0.0
387,0.9999999999999928,4294,2675,68,4226,2607,4362,2743,136,136,0,1,Mix,False,1.0,0.0,0.0,0.0
388,0.994791666666661,5072,2675,67,5005,2608,5139,2742,134,134,0,1,Mix,False,0.0,0.0,1.0,0.0
389,0.9999999999999928,3773,2676,68,3705,2608,3841,2744,136,136,0,1,Mix,False,0.0,2.0,0.0,0.0
390,0.9999999999999942,5332,2676,67,5265,2609,5399,2743,134,134,0,1,Mix,False,3.0,0.0,0.0,0.0
391,0.9999999999999928,3514,2681,68,3446,2613,3582,2749,136,136,0,1,Mix,False,3.0,0.0,0.0,0.0
392,0.9999999999999896,2202,2686,69,2133,2617,2271,2755,138,138,0,1,Mix,False,2.0,0.0,0.0,0.0
393,0.9999999999999928,3248,2688,68,3180,2620,3316,2756,136,136,0,1,Mix,False,2.0,0.0,0.0,0.0
394,0.9999999999999896,2690,2699,69,2621,2630,2759,2768,138,138,0,1,Mix,False,0.0,0.0,0.0,0.0
395,0.9999999999999928,3013,2716,68,2945,2648,3081,2784,136,136,0,1,Mix,False,2.0,0.0,1.0,0.0
396,0.9999999999999942,4684,2748,67,4617,2681,4751,2815,134,134,0,1,Mix,False,0.0,0.0,0.0,0.0
397,0.9999999999999928,3904,2749,68,3836,2681,3972,2817,136,136,0,1,Mix,False,4.0,0.0,0.0,0.0
398,0.994791666666661,4943,2749,67,4876,2682,5010,2816,134,134,0,1,Mix,False,0.0,0.0,0.0,0.0
399,0.9999999999999942,4423,2750,67,4356,2683,4490,2817,134,134,0,1,Mix,False,2.0,0.0,0.0,0.0
400,0.9999999999999942,5201,2750,67,5134,2683,5268,2817,134,134,0,1,Mix,False,1.0,0.0,0.0,0.0
401,0.9921874999999944,4163,2751,67,4096,2684,4230,2818,134,134,0,1,Mix,False,3.0,0.0,0.0,0.0
402,0.9999999999999896,5464,2752,70,5394,2682,5534,2822,140,140,0,1,Mix,True,2.0,0.0,0.0,0.0
403,0.9999999999999928,3645,2753,68,3577,2685,3713,2821,136,136,0,1,Mix,False,3.0,0.0,0.0,0.0
404,0.9999999999999928,3378,2761,68,3310,2693,3446,2829,136,136,0,1,Mix,False,4.0,0.0,0.0,0.0
405,0.9999999999999896,2820,2774,69,2751,2705,2889,2843,138,138,0,1,Mix,False,2.0,0.0,0.0,0.0
406,0.7393617021276574,3131,2778,66,3065,2712,3197,2844,132,132,0,1,Mix,False,2.0,0.0,0.0,0.0
407,0.8164893617021244,5565,2815,65,5500,2750,5630,2880,130,130,0,1,Mix,True,0.0,0.0,0.0,0.0
408,0.9999999999999928,4553,2824,68,4485,2756,4621,2892,136,136,0,1,Mix,False,2.0,0.0,0.0,0.0
409,0.9999999999999928,4033,2825,68,3965,2757,4101,2893,136,136,0,1,Mix,False,2.0,0.0,0.0,0.0
410,0.9923469387755032,4812,2825,68,4744,2757,4880,2893,136,136,0,1,Mix,False,1.0,0.0,0.0,0.0
411,0.9999999999999928,3775,2826,68,3707,2758,3843,2894,136,136,0,1,Mix,False,0.0,0.0,0.0,0.0
412,0.9999999999999928,4293,2826,68,4225,2758,4361,2894,136,136,0,1,Mix,False,3.0,0.0,0.0,0.0
413,0.9999999999999928,5072,2826,68,5004,2758,5140,2894,136,136,0,1,Mix,False,2.0,0.0,0.0,0.0
414,0.9999999999999928,5332,2826,68,5264,2758,5400,2894,136,136,0,1,Mix,False,0.0,0.0,0.0,0.0
415,0.9999999999999928,3511,2830,68,3443,2762,3579,2898,136,136,0,1,Mix,False,4.0,0.0,0.0,0.0
416,0.9999999999999928,3250,2838,68,3182,2770,3318,2906,136,136,0,1,Mix,False,3.0,0.0,0.0,0.0
417,0.9999999999999928,2690,2849,68,2622,2781,2758,2917,136,136,0,1,Mix,False,2.0,0.0,0.0,0.0
418,0.9999999999999928,2950,2851,68,2882,2783,3018,2919,136,136,0,1,Mix,False,3.0,0.0,0.0,0.0
419,0.999999999999994,3909,2900,65,3844,2835,3974,2965,130,130,0,1,Mix,False,2.0,0.0,0.0,0.0
420,0.9999999999999896,4423,2900,69,4354,2831,4492,2969,138,138,0,1,Mix,False,2.0,0.0,0.0,0.0
421,0.9999999999999896,4684,2900,69,4615,2831,4753,2969,138,138,0,1,Mix,False,4.0,0.0,0.0,0.0
422,0.9999999999999928,4942,2900,68,4874,2832,5010,2968,136,136,0,1,Mix,False,0.0,0.0,0.0,0.0
423,0.9999999999999928,5202,2900,68,5134,2832,5270,2968,136,136,0,1,Mix,False,3.0,0.0,1.0,0.0
424,0.9999999999999928,4162,2901,68,4094,2833,4230,2969,136,136,0,1,Mix,False,3.0,0.0,0.0,0.0
425,0.98499999999999,5465,2901,70,5395,2831,5535,2971,140,140,0,1,Mix,True,1.0,0.0,0.0,0.0
426,0.9974489795918297,3641,2903,68,3573,2835,3709,2971,136,136,0,1,Mix,False,2.0,0.0,0.0,0.0
427,0.9999999999999928,3381,2911,68,3313,2843,3449,2979,136,136,0,1,Mix,False,2.0,0.0,0.0,0.0
428,0.9999999999999928,3122,2914,68,3054,2846,3190,2982,136,136,0,1,Mix,False,2.0,0.0,0.0,0.0
429,0.9999999999999928,2819,2925,68,2751,2857,2887,2993,136,136,0,1,Mix,False,0.0,0.0,0.0,0.0
430,0.9999999999999896,4554,2974,69,4485,2905,4623,3043,138,138,0,1,Mix,False,2.0,0.0,0.0,0.0
431,0.9999999999999896,4813,2974,69,4744,2905,4882,3043,138,138,0,1,Mix,False,0.0,0.0,0.0,0.0
432,0.9999999999999928,4032,2975,68,3964,2907,4100,3043,136,136,0,1,Mix,False,3.0,0.0,0.0,0.0
433,0.9999999999999896,4292,2975,69,4223,2906,4361,3044,138,138,0,1,Mix,False,2.0,0.0,0.0,0.0
434,0.9999999999999928,5071,2975,68,5003,2907,5139,3043,136,136,0,1,Mix,False,4.0,0.0,0.0,0.0
435,0.9999999999999928,5332,2975,68,5264,2907,5400,3043,136,136,0,1,Mix,False,1.0,0.0,0.0,0.0
436,0.9999999999999928,3772,2976,68,3704,2908,3840,3044,136,136,0,1,Mix,False,3.0,0.0,0.0,0.0
437,0.9999999999999928,3513,2979,68,3445,2911,3581,3047,136,136,0,1,Mix,False,4.0,0.0,0.0,0.0
438,0.9069148936170168,5567,2988,65,5502,2923,5632,3053,130,130,0,1,Mix,True,0.0,0.0,0.0,0.0
439,0.9999999999999896,3255,2992,69,3186,2923,3324,3061,138,138,0,1,Mix,False,4.0,0.0,0.0,0.0
440,0.9999999999999896,2990,2995,69,2921,2926,3059,3064,138,138,0,1,Mix,False,0.0,0.0,0.0,0.0
441,0.9999999999999928,2688,2998,68,2620,2930,2756,3066,136,136,0,1,Mix,False,2.0,0.0,0.0,0.0
442,0.9999999999999928,4683,3049,68,4615,2981,4751,3117,136,136,0,1,Mix,False,2.0,0.0,0.0,0.0
443,0.9999999999999928,4942,3049,68,4874,2981,5010,3117,136,136,0,1,Mix,False,3.0,0.0,0.0,0.0
444,0.9999999999999896,3902,3050,69,3833,2981,3971,3119,138,138,0,1,Mix,False,3.0,0.0,0.0,0.0
445,0.9999999999999928,4162,3050,68,4094,2982,4230,3118,136,136,0,1,Mix,False,2.0,0.0,0.0,0.0
446,0.9974489795918297,4423,3050,68,4355,2982,4491,3118,136,136,0,1,Mix,False,2.0,0.0,0.0,0.0
447,0.9999999999999928,5200,3050,68,5132,2982,5268,3118,136,136,0,1,Mix,False,3.0,0.0,0.0,0.0
448,0.999999999999994,5456,3052,65,5391,2987,5521,3117,130,130,0,1,Mix,False,2.0,0.0,0.0,0.0
449,0.9948979591836664,3643,3053,68,3575,2985,3711,3121,136,136,0,1,Mix,False,1.0,0.0,0.0,0.0
450,0.9948979591836664,3388,3061,68,3320,2993,3456,3129,136,136,0,1,Mix,False,3.0,0.0,0.0,0.0
451,0.9999999999999896,3124,3063,69,3055,2994,3193,3132,138,138,0,1,Mix,False,3.0,0.0,0.0,0.0
452,0.9999999999999896,2859,3070,69,2790,3001,2928,3139,138,138,0,1,Mix,False,0.0,0.0,0.0,0.0
453,0.9122340425531869,5568,3114,65,5503,3049,5633,3179,130,130,0,1,Mix,True,0.0,0.0,0.0,0.0
454,0.9999999999999896,4553,3124,69,4484,3055,4622,3193,138,138,0,1,Mix,False,4.0,0.0,0.0,0.0
455,0.9999999999999928,4812,3124,68,4744,3056,4880,3192,136,136,0,1,Mix,False,2.0,0.0,0.0,0.0
456,0.9999999999999928,5070,3124,68,5002,3056,5138,3192,136,136,0,1,Mix,False,2.0,0.0,0.0,0.0
457,0.9999999999999928,5328,3124,68,5260,3056,5396,3192,136,136,0,1,Mix,False,2.0,0.0,0.0,0.0
458,0.9999999999999928,4031,3125,68,3963,3057,4099,3193,136,136,0,1,Mix,False,3.0,0.0,0.0,0.0
459,0.9999999999999928,4292,3125,68,4224,3057,4360,3193,136,136,0,1,Mix,False,4.0,0.0,1.0,0.0
460,0.999999999999994,3519,3126,65,3454,3061,3584,3191,130,130,0,1,Mix,False,0.0,0.0,0.0,0.0
461,0.9999999999999928,3773,3126,68,3705,3058,3841,3194,136,136,0,1,Mix,False,3.0,0.0,0.0,0.0
462,0.9999999999999942,2989,3143,67,2922,3076,3056,3210,134,134,0,1,Mix,False,0.0,0.0,0.0,0.0
463,0.9999999999999928,2720,3144,68,2652,3076,2788,3212,136,136,0,1,Mix,False,4.0,0.0,0.0,0.0
464,0.999999999999994,3278,3144,65,3213,3079,3343,3209,130,130,0,1,Mix,False,2.0,0.0,0.0,0.0
465,0.9999999999999896,4682,3198,69,4613,3129,4751,3267,138,138,0,1,Mix,False,4.0,0.0,0.0,0.0
466,0.9999999999999928,4941,3198,68,4873,3130,5009,3266,136,136,0,1,Mix,False,3.0,0.0,0.0,0.0
467,0.9999999999999928,5200,3199,68,5132,3131,5268,3267,136,136,0,1,Mix,False,2.0,0.0,0.0,0.0
468,0.9999999999999928,3902,3200,68,3834,3132,3970,3268,136,136,0,1,Mix,False,2.0,0.0,0.0,0.0
469,0.9948979591836664,4161,3200,68,4093,3132,4229,3268,136,136,0,1,Mix,False,1.0,0.0,0.0,0.0
470,0.9999999999999896,4423,3200,69,4354,3131,4492,3269,138,138,0,1,Mix,False,1.0,0.0,0.0,0.0
471,0.9872448979591768,3641,3202,68,3573,3134,3709,3270,136,136,0,1,Mix,False,2.0,0.0,0.0,0.0
472,0.9999999999999896,3401,3210,69,3332,3141,3470,3279,138,138,0,1,Mix,False,1.0,2.0,0.0,0.0
473,0.9999999999999896,3120,3212,69,3051,3143,3189,3281,138,138,0,1,Mix,False,0.0,0.0,0.0,0.0
474,0.9999999999999928,2589,3218,68,2521,3150,2657,3286,136,136,0,1,Mix,False,3.0,0.0,0.0,0.0
475,0.9999999999999896,2850,3220,69,2781,3151,2919,3289,138,138,0,1,Mix,False,0.0,1.0,0.0,0.0
476,0.9999999999999928,4812,3273,68,4744,3205,4880,3341,136,136,0,1,Mix,False,1.0,0.0,0.0,0.0
477,0.9999999999999928,5070,3273,68,5002,3205,5138,3341,136,136,0,1,Mix,False,0.0,0.0,0.0,0.0
478,0.9999999999999928,3772,3274,68,3704,3206,3840,3342,136,136,0,1,Mix,False,1.0,0.0,0.0,0.0
479,0.9540816326530546,4031,3274,68,3963,3206,4099,3342,136,136,0,1,Mix,False,3.0,0.0,0.0,0.0
480,0.9999999999999896,4292,3274,69,4223,3205,4361,3343,138,138,0,1,Mix,False,2.0,0.0,0.0,0.0
481,0.9999999999999896,4553,3274,69,4484,3205,4622,3343,138,138,0,1,Mix,False,2.0,0.0,0.0,0.0
482,0.999999999999994,5334,3277,65,5269,3212,5399,3342,130,130,0,1,Mix,False,2.0,0.0,0.0,0.0
483,0.84042553191489,5571,3279,65,5506,3214,5636,3344,130,130,0,1,Mix,True,0.0,0.0,0.0,0.0
484,0.9999999999999896,3253,3280,69,3184,3211,3322,3349,138,138,0,1,Mix,False,0.0,0.0,0.0,0.0
485,0.8749999999999959,3533,3283,65,3468,3218,3598,3348,130,130,0,1,Mix,False,2.0,0.0,0.0,0.0
486,0.9999999999999896,2983,3290,69,2914,3221,3052,3359,138,138,0,1,Mix,False,0.0,0.0,0.0,0.0
487,0.9999999999999928,2460,3292,68,2392,3224,2528,3360,136,136,0,1,Mix,False,3.0,0.0,0.0,0.0
488,0.9999999999999928,2718,3294,68,2650,3226,2786,3362,136,136,0,1,Mix,False,2.0,0.0,0.0,0.0
489,0.9999999999999928,4941,3347,68,4873,3279,5009,3415,136,136,0,1,Mix,False,2.0,0.0,0.0,0.0
490,0.9999999999999928,3901,3348,68,3833,3280,3969,3416,136,136,0,1,Mix,False,4.0,0.0,1.0,0.0
491,0.9999999999999896,4682,3348,69,4613,3279,4751,3417,138,138,0,1,Mix,False,0.0,0.0,0.0,0.0
492,0.9999999999999928,5200,3348,68,5132,3280,5268,3416,136,136,0,1,Mix,False,4.0,0.0,0.0,0.0
493,0.999999999999994,3646,3349,65,3581,3284,3711,3414,130,130,0,1,Mix,False,4.0,0.0,0.0,0.0
494,0.9540816326530546,4159,3349,68,4091,3281,4227,3417,136,136,0,1,Mix,False,4.0,0.0,1.0,0.0
495,0.9999999999999928,4422,3349,68,4354,3281,4490,3417,136,136,0,1,Mix,False,1.0,0.0,0.0,0.0
496,0.9549999999999906,5463,3350,70,5393,3280,5533,3420,140,140,0,1,Mix,True,0.0,0.0,0.0,0.0
497,0.9948979591836664,3380,3358,68,3312,3290,3448,3426,136,136,0,1,Mix,False,4.0,0.0,0.0,0.0
498,0.9999999999999896,3115,3362,69,3046,3293,3184,3431,138,138,0,1,Mix,False,0.0,0.0,0.0,0.0
499,0.9999999999999928,2588,3368,68,2520,3300,2656,3436,136,136,0,1,Mix,False,0.0,0.0,0.0,0.0
500,0.9974489795918297,2848,3370,68,2780,3302,2916,3438,136,136,0,1,Mix,False,0.0,0.0,0.0,0.0
501,0.9999999999999928,3517,3418,68,3449,3350,3585,3486,136,136,0,1,Mix,False,1.0,0.0,0.0,0.0
502,0.9999999999999928,4812,3422,68,4744,3354,4880,3490,136,136,0,1,Mix,False,0.0,0.0,0.0,0.0
503,0.9999999999999928,5070,3422,68,5002,3354,5138,3490,136,136,0,1,Mix,False,2.0,0.0,0.0,0.0
504,0.9999999999999928,5329,3422,68,5261,3354,5397,3490,136,136,0,1,Mix,False,3.0,0.0,0.0,0.0
505,0.9999999999999896,3771,3423,69,3702,3354,3840,3492,138,138,0,1,Mix,False,2.0,0.0,0.0,0.0
506,0.9974489795918297,4552,3423,68,4484,3355,4620,3491,136,136,0,1,Mix,False,1.0,0.0,0.0,0.0
507,0.9999999999999928,4030,3424,68,3962,3356,4098,3492,136,136,0,1,Mix,False,4.0,0.0,0.0,0.0
508,0.9999999999999896,4292,3424,69,4223,3355,4361,3493,138,138,0,1,Mix,False,4.0,0.0,0.0,0.0
509,0.8510638297872303,5572,3428,65,5507,3363,5637,3493,130,130,0,1,Mix,True,0.0,0.0,0.0,0.0
510,0.9999999999999928,3248,3429,68,3180,3361,3316,3497,136,136,0,1,Mix,False,3.0,0.0,0.0,0.0
511,0.9999999999999928,2981,3440,68,2913,3372,3049,3508,136,136,0,1,Mix,False,0.0,0.0,0.0,0.0
512,0.9999999999999928,2717,3444,68,2649,3376,2785,3512,136,136,0,1,Mix,False,1.0,0.0,0.0,0.0
513,0.9999999999999928,2460,3446,68,2392,3378,2528,3514,136,136,0,1,Mix,False,0.0,0.0,0.0,0.0
514,0.9999999999999928,2320,3496,68,2252,3428,2388,3564,136,136,0,1,Mix,False,0.0,0.0,0.0,0.0
515,0.9999999999999928,4941,3496,68,4873,3428,5009,3564,136,136,0,1,Mix,False,1.0,0.0,0.0,0.0
516,0.9999999999999928,4681,3497,68,4613,3429,4749,3565,136,136,0,1,Mix,False,2.0,0.0,0.0,0.0
517,0.9999999999999928,5200,3497,68,5132,3429,5268,3565,136,136,0,1,Mix,False,4.0,0.0,0.0,0.0
518,0.9999999999999928,3642,3498,68,3574,3430,3710,3566,136,136,0,1,Mix,False,2.0,0.0,0.0,0.0
519,0.9999999999999896,4423,3498,69,4354,3429,4492,3567,138,138,0,1,Mix,False,3.0,0.0,0.0,0.0
520,0.9999999999999928,3900,3499,68,3832,3431,3968,3567,136,136,0,1,Mix,False,3.0,0.0,0.0,0.0
521,0.9999999999999928,4160,3499,68,4092,3431,4228,3567,136,136,0,1,Mix,False,1.0,0.0,0.0,0.0
522,0.937499999999991,5462,3499,70,5392,3429,5532,3569,140,140,0,1,Mix,True,2.0,0.0,0.0,0.0
523,0.9999999999999928,3375,3507,68,3307,3439,3443,3575,136,136,0,1,Mix,False,2.0,0.0,0.0,0.0
524,0.9999999999999928,3113,3511,68,3045,3443,3181,3579,136,136,0,1,Mix,False,4.0,0.0,0.0,0.0
525,0.9999999999999896,2846,3519,69,2777,3450,2915,3588,138,138,0,1,Mix,False,0.0,2.0,0.0,1.0
526,0.9999999999999928,2589,3522,68,2521,3454,2657,3590,136,136,0,1,Mix,False,2.0,0.0,0.0,0.0
527,0.9999999999999928,4810,3571,68,4742,3503,4878,3639,136,136,0,1,Mix,False,1.0,0.0,0.0,0.0
528,0.9999999999999928,5070,3571,68,5002,3503,5138,3639,136,136,0,1,Mix,False,3.0,0.0,0.0,0.0
529,0.9999999999999928,5329,3571,68,5261,3503,5397,3639,136,136,0,1,Mix,False,4.0,0.0,0.0,0.0
530,0.9999999999999896,3511,3572,70,3441,3502,3581,3642,140,140,0,1,Mix,False,2.0,0.0,0.0,0.0
531,0.9999999999999928,4552,3572,68,4484,3504,4620,3640,136,136,0,1,Mix,False,2.0,0.0,0.0,0.0
532,0.8617021276595705,5571,3572,65,5506,3507,5636,3637,130,130,0,1,Mix,True,0.0,0.0,0.0,0.0
533,0.9999999999999928,3771,3573,68,3703,3505,3839,3641,136,136,0,1,Mix,False,2.0,0.0,0.0,0.0
534,0.9999999999999928,4030,3574,68,3962,3506,4098,3642,136,136,0,1,Mix,False,1.0,0.0,0.0,0.0
535,0.9999999999999896,4291,3574,69,4222,3505,4360,3643,138,138,0,1,Mix,False,3.0,0.0,0.0,0.0
536,0.9999999999999928,3245,3580,68,3177,3512,3313,3648,136,136,0,1,Mix,False,1.0,0.0,0.0,0.0
537,0.9999999999999896,2979,3590,69,2910,3521,3048,3659,138,138,0,1,Mix,False,0.0,1.0,0.0,0.0
538,0.9974489795918297,2434,3593,68,2366,3525,2502,3661,136,136,0,1,Mix,False,2.0,0.0,0.0,0.0
539,0.9999999999999928,2718,3599,68,2650,3531,2786,3667,136,136,0,1,Mix,False,0.0,0.0,0.0,0.0
540,0.9999999999999928,4682,3646,68,4614,3578,4750,3714,136,136,0,1,Mix,False,2.0,0.0,0.0,0.0
541,0.9999999999999928,5200,3646,68,5132,3578,5268,3714,136,136,0,1,Mix,False,4.0,0.0,0.0,0.0
542,0.9999999999999896,4940,3647,70,4870,3577,5010,3717,140,140,0,1,Mix,False,0.0,0.0,0.0,0.0
543,0.9999999999999896,5462,3647,70,5392,3577,5532,3717,140,140,0,1,Mix,False,1.0,0.0,0.0,0.0
544,0.9999999999999928,3642,3648,68,3574,3580,3710,3716,136,136,0,1,Mix,False,1.0,0.0,0.0,0.0
545,0.9999999999999928,4160,3648,68,4092,3580,4228,3716,136,136,0,1,Mix,False,2.0,0.0,0.0,0.0
546,0.9974489795918297,4422,3648,68,4354,3580,4490,3716,136,136,0,1,Mix,False,2.0,0.0,0.0,0.0
547,0.9999999999999942,3903,3651,67,3836,3584,3970,3718,134,134,0,1,Mix,False,1.0,0.0,0.0,0.0
548,0.9999999999999928,3372,3657,68,3304,3589,3440,3725,136,136,0,1,Mix,False,4.0,0.0,0.0,0.0
549,0.9999999999999928,3111,3661,68,3043,3593,3179,3729,136,136,0,1,Mix,False,0.0,0.0,0.0,0.0
550,0.9999999999999928,2563,3670,68,2495,3602,2631,3738,136,136,0,1,Mix,False,1.0,0.0,0.0,0.0
551,0.9999999999999928,2851,3670,68,2783,3602,2919,3738,136,136,0,1,Mix,False,0.0,0.0,0.0,1.0
552,0.8510638297872303,5570,3720,65,5505,3655,5635,3785,130,130,0,1,Mix,True,0.0,0.0,0.0,0.0
553,0.9999999999999928,4552,3721,68,4484,3653,4620,3789,136,136,0,1,Mix,False,4.0,0.0,0.0,0.0
554,0.9999999999999928,5071,3721,68,5003,3653,5139,3789,136,136,0,1,Mix,False,2.0,0.0,0.0,0.0
555,0.9999999999999928,5330,3721,68,5262,3653,5398,3789,136,136,0,1,Mix,False,2.0,0.0,0.0,0.0
556,0.9999999999999928,3506,3722,68,3438,3654,3574,3790,136,136,0,1,Mix,False,2.0,0.0,0.0,0.0
557,0.9999999999999928,3772,3722,68,3704,3654,3840,3790,136,136,0,1,Mix,False,0.0,0.0,0.0,0.0
558,0.999999999999994,4037,3722,65,3972,3657,4102,3787,130,130,0,1,Mix,False,2.0,0.0,0.0,0.0
559,0.999999999999994,4812,3722,66,4746,3656,4878,3788,132,132,0,1,Mix,False,1.0,0.0,0.0,0.0
560,0.9999999999999896,4292,3723,69,4223,3654,4361,3792,138,138,0,1,Mix,False,3.0,0.0,0.0,0.0
561,0.9999999999999896,3242,3733,69,3173,3664,3311,3802,138,138,0,1,Mix,False,2.0,0.0,0.0,0.0
562,0.9999999999999928,2984,3739,68,2916,3671,3052,3807,136,136,0,1,Mix,False,0.0,0.0,0.0,0.0
563,0.9999999999999928,2692,3746,68,2624,3678,2760,3814,136,136,0,1,Mix,False,2.0,0.0,0.0,0.0
564,0.9999999999999928,2452,3770,68,2384,3702,2520,3838,136,136,0,1,Mix,False,0.0,0.0,0.0,0.0
565,0.9999999999999928,5200,3795,68,5132,3727,5268,3863,136,136,0,1,Mix,False,1.0,0.0,0.0,0.0
566,0.9999999999999928,4682,3796,68,4614,3728,4750,3864,136,136,0,1,Mix,False,1.0,0.0,0.0,0.0
567,0.9999999999999896,5462,3796,70,5392,3726,5532,3866,140,140,0,1,Mix,True,4.0,0.0,0.0,0.0
568,0.9999999999999928,4160,3797,68,4092,3729,4228,3865,136,136,0,1,Mix,False,2.0,0.0,0.0,0.0
569,0.9999999999999928,4422,3797,68,4354,3729,4490,3865,136,136,0,1,Mix,False,2.0,0.0,0.0,0.0
570,0.9999999999999942,4941,3797,67,4874,3730,5008,3864,134,134,0,1,Mix,False,2.0,0.0,0.0,0.0
571,0.9999999999999896,3634,3798,69,3565,3729,3703,3867,138,138,0,1,Mix,False,3.0,0.0,0.0,0.0
572,0.9999999999999928,3900,3800,68,3832,3732,3968,3868,136,136,0,1,Mix,False,3.0,0.0,0.0,0.0
573,0.9999999999999928,3372,3806,68,3304,3738,3440,3874,136,136,0,1,Mix,False,3.0,0.0,0.0,0.0
574,0.9999999999999928,3116,3810,68,3048,3742,3184,3878,136,136,0,1,Mix,False,0.0,0.0,0.0,0.0
575,0.9999999999999928,2824,3816,68,2756,3748,2892,3884,136,136,0,1,Mix,False,0.0,0.0,0.0,0.0
576,0.9999999999999928,2581,3846,68,2513,3778,2649,3914,136,136,0,1,Mix,False,0.0,2.0,0.0,0.0
577,0.999999999999994,4030,3861,65,3965,3796,4095,3926,130,130,0,1,Mix,False,1.0,0.0,0.0,0.0
578,0.999999999999994,4291,3864,65,4226,3799,4356,3929,130,130,0,1,Mix,False,2.0,0.0,0.0,0.0
579,0.9867021276595688,3505,3870,66,3439,3804,3571,3936,132,132,0,1,Mix,False,1.0,0.0,0.0,0.0
580,0.9999999999999928,4811,3870,68,4743,3802,4879,3938,136,136,0,1,Mix,False,3.0,0.0,0.0,0.0
581,0.9999999999999928,5070,3870,68,5002,3802,5138,3938,136,136,0,1,Mix,False,3.0,0.0,0.0,0.0
582,0.9999999999999942,5329,3870,67,5262,3803,5396,3937,134,134,0,1,Mix,False,2.0,0.0,0.0,0.0
583,0.9999999999999928,3764,3871,68,3696,3803,3832,3939,136,136,0,1,Mix,False,2.0,0.0,0.0,0.0
584,0.9999999999999928,4552,3871,68,4484,3803,4620,3939,136,136,0,1,Mix,False,2.0,0.0,0.0,0.0
585,0.84042553191489,5568,3875,65,5503,3810,5633,3940,130,130,0,1,Mix,True,0.0,0.0,0.0,0.0
586,0.9999999999999896,3244,3884,69,3175,3815,3313,3953,138,138,0,1,Mix,False,0.0,1.0,0.0,0.0
587,0.9999999999999928,2956,3886,68,2888,3818,3024,3954,136,136,0,1,Mix,False,1.0,0.0,0.0,0.0
588,0.9999999999999928,2712,3917,68,2644,3849,2780,3985,136,136,0,1,Mix,False,0.0,0.0,0.0,0.0
589,0.9999999999999928,2454,3926,68,2386,3858,2522,3994,136,136,0,1,Mix,False,1.0,0.0,0.0,0.0
590,0.9999999999999928,5200,3944,68,5132,3876,5268,4012,136,136,0,1,Mix,False,2.0,0.0,0.0,0.0
591,0.9999999999999928,4408,3945,68,4340,3877,4476,4013,136,136,0,1,Mix,False,2.0,0.0,0.0,0.0
592,0.9999999999999928,4682,3945,68,4614,3877,4750,4013,136,136,0,1,Mix,False,2.0,0.0,0.0,0.0
593,0.98249999999999,5462,3945,70,5392,3875,5532,4015,140,140,0,1,Mix,True,2.0,0.0,0.0,0.0
594,0.9999999999999928,4148,3946,68,4080,3878,4216,4014,136,136,0,1,Mix,False,2.0,0.0,0.0,0.0
595,0.9999999999999928,4940,3946,68,4872,3878,5008,4014,136,136,0,1,Mix,False,2.0,0.0,0.0,0.0
596,0.9920212765957388,3891,3947,66,3825,3881,3957,4013,132,132,0,1,Mix,False,3.0,0.0,0.0,0.0
597,0.9999999999999928,3631,3948,68,3563,3880,3699,4016,136,136,0,1,Mix,False,2.0,0.0,0.0,0.0
598,0.999999999999994,3086,3953,65,3021,3888,3151,4018,130,130,0,1,Mix,False,0.0,0.0,0.0,0.0
599,0.9999999999999928,3375,3956,68,3307,3888,3443,4024,136,136,0,1,Mix,False,3.0,0.0,0.0,0.0
600,0.9999999999999928,2846,3988,68,2778,3920,2914,4056,136,136,0,1,Mix,False,0.0,0.0,0.0,0.0
601,0.9999999999999928,2586,3996,68,2518,3928,2654,4064,136,136,0,1,Mix,False,0.0,0.0,0.0,0.0
602,0.9999999999999928,4537,4019,68,4469,3951,4605,4087,136,136,0,1,Mix,False,4.0,0.0,0.0,0.0
603,0.9999999999999928,5070,4019,68,5002,3951,5138,4087,136,136,0,1,Mix,False,2.0,0.0,0.0,0.0
604,0.9999999999999942,5329,4019,67,5262,3952,5396,4086,134,134,0,1,Mix,False,1.0,0.0,0.0,0.0
605,0.9999999999999928,3762,4020,68,3694,3952,3830,4088,136,136,0,1,Mix,False,2.0,0.0,0.0,0.0
606,0.9999999999999928,4278,4020,68,4210,3952,4346,4088,136,136,0,1,Mix,False,2.0,0.0,1.0,0.0
607,0.9999999999999928,4811,4020,68,4743,3952,4879,4088,136,136,0,1,Mix,False,0.0,0.0,0.0,0.0
608,0.9895833333333276,4019,4021,67,3952,3954,4086,4088,134,134,0,1,Mix,False,2.0,0.0,1.0,0.0
609,0.84042553191489,5568,4024,65,5503,3959,5633,4089,130,130,0,1,Mix,True,0.0,0.0,0.0,0.0
610,0.9999999999999928,3505,4028,68,3437,3960,3573,4096,136,136,0,1,Mix,False,2.0,0.0,0.0,0.0
611,0.9999999999999928,3198,4044,68,3130,3976,3266,4112,136,136,0,1,Mix,False,4.0,0.0,0.0,0.0
612,0.9999999999999928,2980,4054,68,2912,3986,3048,4122,136,136,0,1,Mix,False,0.0,0.0,0.0,0.0
613,0.9999999999999928,2718,4067,68,2650,3999,2786,4135,136,136,0,1,Mix,False,0.0,0.0,0.0,0.0
614,0.9895833333333276,2436,4074,67,2369,4007,2503,4141,134,134,0,1,Mix,False,1.0,0.0,0.0,0.0
615,0.9999999999999928,4668,4094,68,4600,4026,4736,4162,136,136,0,1,Mix,False,1.0,0.0,0.0,0.0
616,0.9999999999999928,4940,4094,68,4872,4026,5008,4162,136,136,0,1,Mix,False,0.0,0.0,0.0,0.0
617,0.9895833333333276,5200,4094,67,5133,4027,5267,4161,134,134,0,1,Mix,False,0.0,0.0,0.0,0.0
618,0.9999999999999896,5461,4094,70,5391,4024,5531,4164,140,140,0,1,Mix,True,2.0,0.0,0.0,0.0
619,0.9999999999999928,4408,4095,68,4340,4027,4476,4163,136,136,0,1,Mix,False,2.0,0.0,1.0,0.0
620,0.9999999999999928,3890,4096,68,3822,4028,3958,4164,136,136,0,1,Mix,False,2.0,0.0,0.0,0.0
621,0.9999999999999928,4149,4096,68,4081,4028,4217,4164,136,136,0,1,Mix,False,4.0,0.0,0.0,0.0
622,0.9999999999999928,3337,4100,68,3269,4032,3405,4168,136,136,0,1,Mix,False,3.0,0.0,0.0,0.0
623,0.9999999999999928,3636,4100,68,3568,4032,3704,4168,136,136,0,1,Mix,False,0.0,0.0,0.0,0.0
624,0.999999999999994,3093,4134,65,3028,4069,3158,4199,130,130,0,1,Mix,False,2.0,0.0,0.0,0.0
625,0.9999999999999928,2568,4145,68,2500,4077,2636,4213,136,136,0,1,Mix,False,1.0,0.0,0.0,0.0
626,0.9999999999999928,2310,4154,68,2242,4086,2378,4222,136,136,0,1,Mix,False,2.0,0.0,0.0,0.0
627,0.8430851063829751,5566,4163,65,5501,4098,5631,4228,130,130,0,1,Mix,True,0.0,0.0,0.0,0.0
628,0.9948979591836664,4538,4169,68,4470,4101,4606,4237,136,136,0,1,Mix,False,0.0,0.0,0.0,0.0
629,0.9999999999999928,4796,4169,68,4728,4101,4864,4237,136,136,0,1,Mix,False,0.0,2.0,0.0,0.0
630,0.9999999999999928,5070,4169,68,5002,4101,5138,4237,136,136,0,1,Mix,False,3.0,0.0,0.0,0.0
631,0.9999999999999942,5329,4169,67,5262,4102,5396,4236,134,134,0,1,Mix,False,2.0,0.0,0.0,0.0
632,0.9999999999999928,4021,4171,68,3953,4103,4089,4239,136,136,0,1,Mix,False,2.0,0.0,0.0,0.0
633,0.9999999999999928,3467,4172,68,3399,4104,3535,4240,136,136,0,1,Mix,False,2.0,0.0,0.0,0.0
634,0.999999999999994,3766,4172,65,3701,4107,3831,4237,130,130,0,1,Mix,False,1.0,0.0,0.0,0.0
635,0.9999999999999942,4280,4172,67,4213,4105,4347,4239,134,134,0,1,Mix,False,2.0,0.0,0.0,0.0
636,0.9999999999999896,3219,4194,69,3150,4125,3288,4263,138,138,0,1,Mix,False,0.0,0.0,0.0,0.0
637,0.9999999999999896,2959,4203,69,2890,4134,3028,4272,138,138,0,1,Mix,False,0.0,1.0,0.0,0.0
638,0.9999999999999928,2700,4217,68,2632,4149,2768,4285,136,136,0,1,Mix,False,2.0,0.0,0.0,0.0
639,0.9999999999999896,2442,4226,69,2373,4157,2511,4295,138,138,0,1,Mix,False,3.0,0.0,0.0,0.0
640,0.9999999999999896,5460,4243,70,5390,4173,5530,4313,140,140,0,1,Mix,True,1.0,0.0,1.0,0.0
641,0.9999999999999896,4925,4244,69,4856,4175,4994,4313,138,138,0,1,Mix,False,2.0,0.0,0.0,0.0
642,0.9999999999999928,5200,4244,68,5132,4176,5268,4312,136,136,0,1,Mix,False,4.0,0.0,0.0,0.0
643,0.9999999999999896,4667,4245,69,4598,4176,4736,4314,138,138,0,1,Mix,False,0.0,0.0,0.0,0.0
644,0.9999999999999928,4152,4246,68,4084,4178,4220,4314,136,136,0,1,Mix,False,2.0,0.0,0.0,0.0
645,0.9999999999999928,3892,4247,68,3824,4179,3960,4315,136,136,0,1,Mix,False,2.0,0.0,0.0,0.0
646,0.9999999999999896,4409,4247,69,4340,4178,4478,4316,138,138,0,1,Mix,False,1.0,0.0,0.0,0.0
647,0.9948979591836664,3631,4254,68,3563,4186,3699,4322,136,136,0,1,Mix,False,2.0,0.0,0.0,0.0
648,0.9974489795918297,3350,4265,68,3282,4197,3418,4333,136,136,0,1,Mix,False,3.0,0.0,0.0,0.0
649,0.9999999999999896,3092,4274,69,3023,4205,3161,4343,138,138,0,1,Mix,False,0.0,4.0,0.0,0.0
650,0.9999999999999928,2833,4285,68,2765,4217,2901,4353,136,136,0,1,Mix,False,0.0,2.0,1.0,1.0
651,0.9999999999999896,2573,4298,69,2504,4229,2642,4367,138,138,0,1,Mix,False,2.0,0.0,0.0,0.0
652,0.9974489795918297,2316,4308,68,2248,4240,2384,4376,136,136,0,1,Mix,False,0.0,0.0,0.0,0.0
653,0.999999999999994,5333,4308,65,5268,4243,5398,4373,130,130,0,1,Mix,False,3.0,0.0,0.0,0.0
654,0.9999999999999896,5054,4318,69,4985,4249,5123,4387,138,138,0,1,Mix,False,0.0,0.0,0.0,0.0
655,0.9999999999999896,4796,4319,69,4727,4250,4865,4388,138,138,0,1,Mix,False,2.0,0.0,1.0,0.0
656,0.9999999999999928,3496,4320,68,3428,4252,3564,4388,136,136,0,1,Mix,False,2.0,0.0,0.0,0.0
657,0.9999999999999896,4282,4320,69,4213,4251,4351,4389,138,138,0,1,Mix,False,0.0,0.0,0.0,0.0
658,0.9999999999999928,4539,4320,68,4471,4252,4607,4388,136,136,0,1,Mix,False,0.0,0.0,0.0,0.0
659,0.9999999999999896,4022,4322,69,3953,4253,4091,4391,138,138,0,1,Mix,False,0.0,0.0,0.0,0.0
660,0.9999999999999928,3763,4323,68,3695,4255,3831,4391,136,136,0,1,Mix,False,2.0,0.0,0.0,0.0
661,0.8271276595744647,5567,4323,65,5502,4258,5632,4388,130,130,0,1,Mix,True,0.0,0.0,0.0,0.0
662,0.9999999999999896,3224,4344,69,3155,4275,3293,4413,138,138,0,1,Mix,False,0.0,0.0,0.0,0.0
663,0.9999999999999896,2966,4354,69,2897,4285,3035,4423,138,138,0,1,Mix,False,4.0,0.0,0.0,0.0
664,0.9999999999999928,2706,4366,68,2638,4298,2774,4434,136,136,0,1,Mix,False,2.0,0.0,0.0,0.0
665,0.9999999999999896,2448,4378,69,2379,4309,2517,4447,138,138,0,1,Mix,False,3.0,0.0,0.0,0.0
666,0.999999999999994,4417,4391,65,4352,4326,4482,4456,130,130,0,1,Mix,False,2.0,0.0,0.0,0.0
667,0.9999999999999896,5182,4392,69,5113,4323,5251,4461,138,138,0,1,Mix,False,1.0,0.0,0.0,0.0
668,0.9074999999999916,5459,4392,70,5389,4322,5529,4462,140,140,0,1,Mix,True,4.0,0.0,0.0,0.0
669,0.9999999999999896,4926,4393,69,4857,4324,4995,4462,138,138,0,1,Mix,False,1.0,0.0,0.0,0.0
670,0.9999999999999896,4668,4394,70,4598,4324,4738,4464,140,140,0,1,Mix,False,1.0,0.0,0.0,0.0
671,0.9999999999999928,4152,4396,68,4084,4328,4220,4464,136,136,0,1,Mix,False,0.0,0.0,0.0,0.0
672,0.9999999999999896,3893,4397,69,3824,4328,3962,4466,138,138,0,1,Mix,False,0.0,1.0,0.0,0.0
673,0.9974489795918297,3620,4403,68,3552,4335,3688,4471,136,136,0,1,Mix,False,0.0,0.0,0.0,0.0
674,0.9999999999999896,3358,4413,69,3289,4344,3427,4482,138,138,0,1,Mix,False,2.0,0.0,0.0,0.0
675,0.9999999999999896,3098,4424,69,3029,4355,3167,4493,138,138,0,1,Mix,False,2.0,0.0,0.0,0.0
676,0.9999999999999928,2840,4434,68,2772,4366,2908,4502,136,136,0,1,Mix,False,0.0,0.0,0.0,0.0
677,0.98979591836734,2581,4447,68,2513,4379,2649,4515,136,136,0,1,Mix,False,0.0,0.0,0.0,0.0
678,0.9999999999999896,5319,4449,69,5250,4380,5388,4518,138,138,0,1,Mix,False,2.0,0.0,0.0,0.0
679,0.9999999999999896,2319,4457,69,2250,4388,2388,4526,138,138,0,1,Mix,False,3.0,0.0,0.0,0.0
680,0.9999999999999896,5054,4467,69,4985,4398,5123,4536,138,138,0,1,Mix,False,2.0,0.0,0.0,0.0
681,0.9999999999999942,4281,4468,67,4214,4401,4348,4535,134,134,0,1,Mix,False,3.0,0.0,0.0,0.0
682,0.9999999999999896,4538,4468,70,4468,4398,4608,4538,140,140,0,1,Mix,False,1.0,0.0,0.0,0.0
683,0.9999999999999896,4797,4468,70,4727,4398,4867,4538,140,140,0,1,Mix,False,2.0,0.0,0.0,0.0
684,0.9999999999999928,4022,4471,68,3954,4403,4090,4539,136,136,0,1,Mix,False,2.0,0.0,0.0,0.0
685,0.9999999999999896,3753,4472,69,3684,4403,3822,4541,138,138,0,1,Mix,False,0.0,0.0,0.0,0.0
686,0.8218085106382945,5566,4473,65,5501,4408,5631,4538,130,130,0,1,Mix,True,0.0,0.0,0.0,0.0
687,0.9999999999999928,3492,4479,68,3424,4411,3560,4547,136,136,0,1,Mix,False,1.0,0.0,1.0,0.0
688,0.9999999999999896,3232,4493,69,3163,4424,3301,4562,138,138,0,1,Mix,False,1.0,0.0,0.0,0.0
689,0.9999999999999896,2972,4504,69,2903,4435,3041,4573,138,138,0,1,Mix,False,2.0,0.0,0.0,0.0
690,0.9999999999999942,2713,4514,67,2646,4447,2780,4581,134,134,0,1,Mix,False,2.0,0.0,0.0,0.0
691,0.9999999999999928,2451,4528,68,2383,4460,2519,4596,136,136,0,1,Mix,False,3.0,0.0,0.0,0.0
692,0.999999999999994,4157,4540,65,4092,4475,4222,4605,130,130,0,1,Mix,False,1.0,2.0,1.0,1.0
693,0.9872448979591768,5183,4540,68,5115,4472,5251,4608,136,136,0,1,Mix,False,0.0,4.0,0.0,1.0
694,0.9999999999999896,5459,4541,70,5389,4471,5529,4611,140,140,0,1,Mix,True,2.0,0.0,0.0,0.0
695,0.9999999999999896,4409,4542,70,4339,4472,4479,4612,140,140,0,1,Mix,False,0.0,1.0,0.0,0.0
696,0.9999999999999896,4667,4543,69,4598,4474,4736,4612,138,138,0,1,Mix,False,2.0,0.0,0.0,0.0
697,0.9999999999999896,4926,4543,69,4857,4474,4995,4612,138,138,0,1,Mix,False,0.0,0.0,0.0,0.0
698,0.98979591836734,3882,4546,68,3814,4478,3950,4614,136,136,0,1,Mix,False,0.0,0.0,0.0,0.0
699,0.9999999999999928,3621,4552,68,3553,4484,3689,4620,136,136,0,1,Mix,False,3.0,0.0,0.0,0.0
700,0.9999999999999896,3365,4562,69,3296,4493,3434,4631,138,138,0,1,Mix,False,0.0,0.0,0.0,0.0
701,0.9999999999999896,3105,4573,69,3036,4504,3174,4642,138,138,0,1,Mix,False,2.0,0.0,0.0,0.0
702,0.9923469387755032,2845,4584,68,2777,4516,2913,4652,136,136,0,1,Mix,False,0.0,0.0,0.0,0.0
703,0.9999999999999896,2583,4597,69,2514,4528,2652,4666,138,138,0,1,Mix,False,2.0,0.0,1.0,0.0
704,0.9999999999999896,5320,4598,69,5251,4529,5389,4667,138,138,0,1,Mix,False,2.0,0.0,0.0,0.0
705,0.9999999999999896,2326,4610,69,2257,4541,2395,4679,138,138,0,1,Mix,False,0.0,1.0,0.0,0.0
706,0.9999999999999896,4280,4616,69,4211,4547,4349,4685,138,138,0,1,Mix,False,1.0,0.0,0.0,0.0
707,0.9999999999999896,5056,4616,69,4987,4547,5125,4685,138,138,0,1,Mix,False,2.0,0.0,0.0,0.0
708,0.9999999999999896,4538,4617,70,4468,4547,4608,4687,140,140,0,1,Mix,False,1.0,0.0,1.0,0.0
709,0.9999999999999896,4797,4618,70,4727,4548,4867,4688,140,140,0,1,Mix,False,2.0,0.0,0.0,0.0
710,0.9999999999999928,4012,4620,68,3944,4552,4080,4688,136,136,0,1,Mix,False,0.0,0.0,0.0,0.0
711,0.9999999999999928,3753,4621,68,3685,4553,3821,4689,136,136,0,1,Mix,False,2.0,0.0,0.0,0.0
712,0.8058510638297841,5564,4624,65,5499,4559,5629,4689,130,130,0,1,Mix,True,0.0,0.0,0.0,0.0
713,0.9974489795918297,3496,4633,68,3428,4565,3564,4701,136,136,0,1,Mix,False,2.0,0.0,0.0,0.0
714,0.9999999999999896,3237,4642,69,3168,4573,3306,4711,138,138,0,1,Mix,False,2.0,1.0,1.0,0.0
715,0.9999999999999896,2978,4653,69,2909,4584,3047,4722,138,138,0,1,Mix,False,0.0,1.0,0.0,0.0
716,0.9923469387755032,2718,4663,68,2650,4595,2786,4731,136,136,0,1,Mix,False,1.0,0.0,0.0,0.0
717,0.9999999999999896,2458,4680,69,2389,4611,2527,4749,138,138,0,1,Mix,False,3.0,0.0,0.0,0.0
718,0.9999999999999896,5185,4688,69,5116,4619,5254,4757,138,138,0,1,Mix,False,3.0,0.0,0.0,0.0
719,0.9749999999999902,4147,4690,70,4077,4620,4217,4760,140,140,0,1,Mix,False,1.0,0.0,0.0,0.0
720,0.9974999999999896,4408,4691,69,4339,4622,4477,4760,138,138,0,1,Mix,False,1.0,0.0,0.0,0.0
721,0.9924999999999898,4668,4692,69,4599,4623,4737,4761,138,138,0,1,Mix,False,2.0,0.0,0.0,0.0
722,0.9924999999999898,4927,4692,69,4858,4623,4996,4761,138,138,0,1,Mix,False,2.0,0.0,0.0,0.0
723,0.9974489795918297,3883,4695,68,3815,4627,3951,4763,136,136,0,1,Mix,False,2.0,0.0,0.0,0.0
724,0.9999999999999896,3632,4708,69,3563,4639,3701,4777,138,138,0,1,Mix,False,1.0,0.0,0.0,0.0
725,0.9999999999999896,3370,4712,69,3301,4643,3439,4781,138,138,0,1,Mix,False,0.0,0.0,0.0,0.0
726,0.9999999999999896,3111,4722,69,3042,4653,3180,4791,138,138,0,1,Mix,False,1.0,0.0,0.0,0.0
727,0.8085106382978692,5564,4730,65,5499,4665,5629,4795,130,130,0,1,Mix,True,0.0,0.0,0.0,0.0
728,0.98979591836734,2851,4733,68,2783,4665,2919,4801,136,136,0,1,Mix,False,0.0,0.0,0.0,0.0
729,0.9999999999999928,2592,4746,68,2524,4678,2660,4814,136,136,0,1,Mix,False,0.0,1.0,0.0,0.0
730,0.9999999999999896,5323,4746,69,5254,4677,5392,4815,138,138,0,1,Mix,False,1.0,0.0,0.0,0.0
731,0.9999999999999942,5057,4762,67,4990,4695,5124,4829,134,134,0,1,Mix,False,2.0,0.0,1.0,0.0
732,0.9999999999999896,4280,4765,69,4211,4696,4349,4834,138,138,0,1,Mix,False,3.0,0.0,0.0,0.0
733,0.9999999999999896,4539,4767,69,4470,4698,4608,4836,138,138,0,1,Mix,False,2.0,0.0,0.0,0.0
734,0.9999999999999942,4018,4768,67,3951,4701,4085,4835,134,134,0,1,Mix,False,2.0,0.0,0.0,0.0
735,0.9999999999999896,4801,4772,69,4732,4703,4870,4841,138,138,0,1,Mix,False,3.0,0.0,0.0,0.0
736,0.999999999999994,3761,4775,65,3696,4710,3826,4840,130,130,0,1,Mix,False,0.0,0.0,0.0,0.0
737,0.9999999999999896,3502,4782,69,3433,4713,3571,4851,138,138,0,1,Mix,False,0.0,1.0,0.0,1.0
738,0.9999999999999896,3244,4792,69,3175,4723,3313,4861,138,138,0,1,Mix,False,3.0,0.0,0.0,0.0
739,0.9999999999999896,2984,4802,69,2915,4733,3053,4871,138,138,0,1,Mix,False,4.0,0.0,0.0,0.0
740,0.9949999999999898,5458,4811,69,5389,4742,5527,4880,138,138,0,1,Mix,True,1.0,0.0,0.0,0.0
741,0.9999999999999942,2724,4813,67,2657,4746,2791,4880,134,134,0,1,Mix,False,0.0,0.0,0.0,0.0
742,0.9872448979591768,2467,4829,68,2399,4761,2535,4897,136,136,0,1,Mix,False,1.0,0.0,0.0,0.0
743,0.9999999999999896,5184,4837,69,5115,4768,5253,4906,138,138,0,1,Mix,False,2.0,0.0,0.0,0.0
744,0.9999999999999896,4409,4839,69,4340,4770,4478,4908,138,138,0,1,Mix,False,2.0,0.0,0.0,0.0
745,0.9974999999999896,4669,4840,69,4600,4771,4738,4909,138,138,0,1,Mix,False,0.0,0.0,0.0,0.0
746,0.9999999999999928,4149,4841,68,4081,4773,4217,4909,136,136,0,1,Mix,False,2.0,0.0,0.0,0.0
747,0.9999999999999896,4933,4841,69,4864,4772,5002,4910,138,138,0,1,Mix,False,2.0,0.0,0.0,0.0
748,0.9999999999999928,3889,4844,68,3821,4776,3957,4912,136,136,0,1,Mix,False,0.0,0.0,0.0,0.0
749,0.999999999999994,3638,4850,65,3573,4785,3703,4915,130,130,0,1,Mix,False,2.0,0.0,0.0,0.0
750,0.9974489795918297,3376,4860,68,3308,4792,3444,4928,136,136,0,1,Mix,False,2.0,0.0,0.0,0.0
751,0.9999999999999896,3117,4871,69,3048,4802,3186,4940,138,138,0,1,Mix,False,0.0,0.0,0.0,0.0
752,0.8297872340425497,5564,4879,65,5499,4814,5629,4944,130,130,0,1,Mix,True,0.0,0.0,0.0,0.0
753,0.9999999999999928,2326,4880,68,2258,4812,2394,4948,136,136,0,1,Mix,False,2.0,0.0,0.0,0.0
754,0.9999999999999896,2856,4882,69,2787,4813,2925,4951,138,138,0,1,Mix,False,1.0,0.0,0.0,0.0
755,0.9923469387755032,5321,4893,68,5253,4825,5389,4961,136,136,0,1,Mix,False,2.0,0.0,0.0,0.0
756,0.9999999999999928,2601,4895,68,2533,4827,2669,4963,136,136,0,1,Mix,False,0.0,0.0,0.0,0.0
757,0.9999999999999896,4281,4914,69,4212,4845,4350,4983,138,138,0,1,Mix,False,0.0,0.0,0.0,0.0
758,0.9999999999999928,4020,4917,68,3952,4849,4088,4985,136,136,0,1,Mix,False,2.0,0.0,0.0,0.0
759,0.9999999999999928,3761,4920,68,3693,4852,3829,4988,136,136,0,1,Mix,False,0.0,1.0,0.0,0.0
760,0.9999999999999896,5054,4929,69,4985,4860,5123,4998,138,138,0,1,Mix,False,4.0,0.0,0.0,0.0
761,0.9872448979591768,3513,4931,68,3445,4863,3581,4999,136,136,0,1,Mix,False,0.0,1.0,0.0,0.0
762,0.9999999999999896,4818,4935,69,4749,4866,4887,5004,138,138,0,1,Mix,False,0.0,0.0,0.0,0.0
763,0.9999999999999896,3250,4940,69,3181,4871,3319,5009,138,138,0,1,Mix,False,0.0,0.0,0.0,0.0
764,0.9999999999999896,2990,4952,69,2921,4883,3059,5021,138,138,0,1,Mix,False,2.0,0.0,0.0,0.0
765,0.9949999999999898,5457,4958,70,5387,4888,5527,5028,140,140,0,1,Mix,True,2.0,0.0,0.0,0.0
766,0.9999999999999896,5192,4985,69,5123,4916,5261,5054,138,138,0,1,Mix,False,0.0,0.0,1.0,0.0
767,0.9999999999999928,2719,4987,68,2651,4919,2787,5055,136,136,0,1,Mix,False,0.0,0.0,0.0,0.0
768,0.9999999999999896,4410,4988,69,4341,4919,4479,5057,138,138,0,1,Mix,False,4.0,0.0,0.0,0.0
769,0.9999999999999896,4679,4989,69,4610,4920,4748,5058,138,138,0,1,Mix,False,0.0,0.0,0.0,0.0
770,0.9999999999999928,4150,4991,68,4082,4923,4218,5059,136,136,0,1,Mix,False,0.0,0.0,0.0,0.0
771,0.9999999999999928,3892,4993,68,3824,4925,3960,5061,136,136,0,1,Mix,False,2.0,0.0,0.0,0.0
772,0.9999999999999928,2491,4996,68,2423,4928,2559,5064,136,136,0,1,Mix,False,0.0,1.0,1.0,0.0
773,0.999999999999994,3640,4997,65,3575,4932,3705,5062,130,130,0,1,Mix,False,3.0,0.0,0.0,0.0
774,0.9999999999999896,3382,5009,69,3313,4940,3451,5078,138,138,0,1,Mix,False,0.0,1.0,0.0,0.0
775,0.9999999999999896,3122,5020,69,3053,4951,3191,5089,138,138,0,1,Mix,False,0.0,0.0,0.0,0.0
776,0.98979591836734,4938,5022,68,4870,4954,5006,5090,136,136,0,1,Mix,False,4.0,0.0,0.0,0.0
777,0.9999999999999928,2345,5028,68,2277,4960,2413,5096,136,136,0,1,Mix,False,1.0,0.0,0.0,0.0
778,0.9999999999999896,2863,5032,69,2794,4963,2932,5101,138,138,0,1,Mix,False,0.0,2.0,0.0,1.0
779,0.9999999999999896,5330,5040,69,5261,4971,5399,5109,138,138,0,1,Mix,False,0.0,0.0,0.0,0.0
780,0.8696808510638258,5563,5040,65,5498,4975,5628,5105,130,130,0,1,Mix,True,0.0,0.0,0.0,0.0
781,0.9999999999999928,4544,5050,68,4476,4982,4612,5118,136,136,0,1,Mix,False,2.0,0.0,0.0,0.0
782,0.9999999999999928,4282,5063,68,4214,4995,4350,5131,136,136,0,1,Mix,False,4.0,0.0,0.0,0.0
783,0.9999999999999928,3763,5069,68,3695,5001,3831,5137,136,136,0,1,Mix,False,2.0,0.0,0.0,0.0
784,0.9999999999999928,4026,5075,68,3958,5007,4094,5143,136,136,0,1,Mix,False,2.0,0.0,0.0,0.0
785,0.999999999999994,5076,5076,66,5010,5010,5142,5142,132,132,0,1,Mix,True,4.0,1.0,0.0,0.0
786,0.9999999999999942,4801,5078,67,4734,5011,4868,5145,134,134,0,1,Mix,False,0.0,0.0,0.0,0.0
787,0.9999999999999896,3514,5080,69,3445,5011,3583,5149,138,138,0,1,Mix,False,0.0,0.0,0.0,0.0
788,0.9999999999999896,2609,5088,69,2540,5019,2678,5157,138,138,0,1,Mix,False,2.0,0.0,0.0,0.0
789,0.9999999999999928,3255,5089,68,3187,5021,3323,5157,136,136,0,1,Mix,False,0.0,2.0,0.0,0.0
790,0.9999999999999928,2996,5101,68,2928,5033,3064,5169,136,136,0,1,Mix,False,2.0,0.0,1.0,0.0
791,0.98499999999999,5457,5122,70,5387,5052,5527,5192,140,140,0,1,Mix,False,1.0,0.0,0.0,0.0
792,0.999999999999994,5216,5129,66,5150,5063,5282,5195,132,132,0,1,Mix,True,2.0,0.0,0.0,0.0
793,0.9999999999999942,4661,5131,67,4594,5064,4728,5198,134,134,0,1,Mix,False,0.0,0.0,0.0,0.0
794,0.9974489795918297,2752,5133,68,2684,5065,2820,5201,136,136,0,1,Mix,False,0.0,1.0,0.0,0.0
795,0.9999999999999896,4423,5136,69,4354,5067,4492,5205,138,138,0,1,Mix,False,0.0,0.0,0.0,0.0
796,0.9999999999999928,2445,5138,68,2377,5070,2513,5206,136,136,0,1,Mix,False,2.0,0.0,0.0,0.0
797,0.9999999999999928,3894,5141,68,3826,5073,3962,5209,136,136,0,1,Mix,False,2.0,0.0,1.0,0.0
798,0.9999999999999928,4158,5147,68,4090,5079,4226,5215,136,136,0,1,Mix,False,0.0,0.0,0.0,0.0
799,0.9999999999999928,3642,5156,68,3574,5088,3710,5224,136,136,0,1,Mix,False,1.0,0.0,0.0,0.0
800,0.9999999999999928,3386,5158,68,3318,5090,3454,5226,136,136,0,1,Mix,False,1.0,0.0,0.0,0.0
801,0.9999999999999928,2281,5162,68,2213,5094,2349,5230,136,136,0,1,Mix,False,2.0,0.0,0.0,0.0
802,0.9999999999999928,3128,5170,68,3060,5102,3196,5238,136,136,0,1,Mix,False,4.0,0.0,0.0,0.0
803,0.9999999999999928,2886,5202,68,2818,5134,2954,5270,136,136,0,1,Mix,False,0.0,1.0,0.0,0.0
804,0.9999999999999896,4294,5211,69,4225,5142,4363,5280,138,138,0,1,Mix,False,0.0,0.0,0.0,0.0
805,0.999999999999994,4538,5217,65,4473,5152,4603,5282,130,130,0,1,Mix,False,0.0,0.0,0.0,0.0
806,0.999999999999994,5364,5226,65,5299,5161,5429,5291,130,130,0,1,Mix,True,4.0,0.0,0.0,0.0
807,0.9999999999999928,3772,5228,68,3704,5160,3840,5296,136,136,0,1,Mix,False,1.0,0.0,0.0,0.0
808,0.9999999999999928,3515,5233,68,3447,5165,3583,5301,136,136,0,1,Mix,False,3.0,0.0,0.0,0.0
809,0.7968749999999971,5531,5235,67,5464,5168,5598,5302,134,134,0,1,Mix,False,0.0,0.0,0.0,0.0
810,0.9999999999999896,3260,5238,69,3191,5169,3329,5307,138,138,0,1,Mix,False,0.0,1.0,0.0,0.0
811,0.9999999999999928,4052,5252,68,3984,5184,4120,5320,136,136,0,1,Mix,False,2.0,0.0,0.0,0.0
812,0.9999999999999928,2527,5263,68,2459,5195,2595,5331,136,136,0,1,Mix,False,0.0,1.0,0.0,0.0
813,0.98979591836734,3019,5271,68,2951,5203,3087,5339,136,136,0,1,Mix,False,0.0,3.0,0.0,0.0
814,0.9999999999999928,2379,5275,68,2311,5207,2447,5343,136,136,0,1,Mix,False,2.0,0.0,0.0,0.0
815,0.9999999999999928,2760,5283,68,2692,5215,2828,5351,136,136,0,1,Mix,False,2.0,0.0,0.0,0.0
816,0.9999999999999928,3908,5290,68,3840,5222,3976,5358,136,136,0,1,Mix,False,1.0,0.0,0.0,0.0
817,0.9999999999999928,3645,5305,68,3577,5237,3713,5373,136,136,0,1,Mix,False,1.0,1.0,0.0,0.0
818,0.999999999999994,4526,5331,65,4461,5266,4591,5396,130,130,0,1,Mix,True,0.0,1.0,0.0,0.0
819,0.9999999999999942,5461,5344,67,5394,5277,5528,5411,134,134,0,1,Mix,True,4.0,0.0,0.0,0.0
820,0.9999999999999928,3157,5346,68,3089,5278,3225,5414,136,136,0,1,Mix,False,2.0,0.0,0.0,0.0
821,0.9999999999999928,2893,5352,68,2825,5284,2961,5420,136,136,0,1,Mix,False,0.0,0.0,0.0,0.0
822,0.9999999999999928,4276,5359,68,4208,5291,4344,5427,136,136,0,1,Mix,False,0.0,0.0,0.0,0.0
823,0.999999999999994,3448,5362,65,3383,5297,3513,5427,130,130,0,1,Mix,False,3.0,0.0,0.0,0.0
824,0.9999999999999928,2629,5373,68,2561,5305,2697,5441,136,136,0,1,Mix,False,0.0,0.0,0.0,0.0
825,0.9895833333333276,4129,5381,67,4062,5314,4196,5448,134,134,0,1,Mix,False,3.0,0.0,0.0,0.0
826,0.9974489795918297,3302,5382,68,3234,5314,3370,5450,136,136,0,1,Mix,False,0.0,0.0,0.0,0.0
827,0.9999999999999928,3984,5418,68,3916,5350,4052,5486,136,136,0,1,Mix,False,0.0,0.0,1.0,0.0
828,0.9999999999999896,3026,5420,69,2957,5351,3095,5489,138,138,0,1,Mix,False,2.0,0.0,0.0,0.0
829,0.9999999999999928,3836,5420,68,3768,5352,3904,5488,136,136,0,1,Mix,False,2.0,0.0,0.0,0.0
830,0.9999999999999928,2365,5424,68,2297,5356,2433,5492,136,136,0,1,Mix,False,3.0,0.0,0.0,0.0
831,0.9999999999999928,2766,5433,68,2698,5365,2834,5501,136,136,0,1,Mix,False,2.0,0.0,0.0,0.0
832,0.9999999999999928,3690,5448,68,3622,5380,3758,5516,136,136,0,1,Mix,False,2.0,0.0,0.0,0.0
833,0.999999999999994,5537,5454,65,5472,5389,5602,5519,130,130,0,1,Mix,False,0.0,0.0,0.0,0.0
834,0.9999999999999928,2509,5462,68,2441,5394,2577,5530,136,136,0,1,Mix,False,2.0,0.0,0.0,0.0
835,0.9999999999999928,3542,5473,68,3474,5405,3610,5541,136,136,0,1,Mix,False,1.0,0.0,0.0,0.0
836,0.9999999999999928,3396,5498,68,3328,5430,3464,5566,136,136,0,1,Mix,False,2.0,0.0,0.0,0.0
837,0.9999999999999928,2900,5502,68,2832,5434,2968,5570,136,136,0,1,Mix,False,0.0,0.0,0.0,0.0
838,0.9999999999999928,4236,5503,68,4168,5435,4304,5571,136,136,0,1,Mix,False,0.0,0.0,0.0,0.0
839,0.9999999999999928,2646,5522,68,2578,5454,2714,5590,136,136,0,1,Mix,False,3.0,0.0,0.0,0.0
840,0.9923469387755032,3248,5523,68,3180,5455,3316,5591,136,136,0,1,Mix,False,0.0,0.0,0.0,0.0
841,0.9999999999999942,4088,5524,67,4021,5457,4155,5591,134,134,0,1,Mix,False,0.0,0.0,0.0,0.0
842,0.999999999999994,4425,5529,65,4360,5464,4490,5594,130,130,0,1,Mix,True,0.0,0.0,0.0,0.0
843,0.9999999999999928,3101,5550,68,3033,5482,3169,5618,136,136,0,1,Mix,False,1.0,0.0,0.0,0.0
844,0.9999999999999928,3944,5561,68,3876,5493,4012,5629,136,136,0,1,Mix,False,2.0,0.0,0.0,0.0
845,0.9999999999999928,3795,5563,68,3727,5495,3863,5631,136,136,0,1,Mix,False,3.0,0.0,0.0,1.0
846,0.9999999999999896,2372,5574,69,2303,5505,2441,5643,138,138,0,1,Mix,False,1.0,0.0,0.0,0.0
847,0.9999999999999928,3649,5592,68,3581,5524,3717,5660,136,136,0,1,Mix,False,1.0,0.0,0.0,0.0
848,0.9999999999999896,2780,5593,69,2711,5524,2849,5662,138,138,0,1,Mix,False,0.0,0.0,0.0,0.0
849,0.9999999999999928,1374,5604,68,1306,5536,1442,5672,136,136,0,1,Mix,False,4.0,0.0,0.0,0.0
850,0.9974489795918297,2516,5610,68,2448,5542,2584,5678,136,136,0,1,Mix,False,2.0,0.0,0.0,0.0
851,0.994791666666661,3489,5612,67,3422,5545,3556,5679,134,134,0,1,Mix,False,1.0,0.0,0.0,0.0
852,0.9999999999999896,2975,5630,69,2906,5561,3044,5699,138,138,0,1,Mix,False,2.0,0.0,0.0,0.0
853,0.9999999999999896,3343,5638,69,3274,5569,3412,5707,138,138,0,1,Mix,False,2.0,0.0,0.0,0.0
854,0.9948979591836664,4198,5648,68,4130,5580,4266,5716,136,136,0,1,Mix,False,0.0,0.0,0.0,0.0
855,0.9999999999999896,4049,5667,69,3980,5598,4118,5736,138,138,0,1,Mix,False,1.0,0.0,0.0,0.0
856,0.9872448979591768,2652,5671,68,2584,5603,2720,5739,136,136,0,1,Mix,False,0.0,0.0,0.0,0.0
857,0.9999999999999896,3179,5677,69,3110,5608,3248,5746,138,138,0,1,Mix,False,2.0,0.0,0.0,0.0
858,0.999999999999994,3906,5699,65,3841,5634,3971,5764,130,130,0,1,Mix,False,1.0,0.0,0.0,0.0
859,0.9999999999999896,3746,5705,70,3676,5635,3816,5775,140,140,0,1,Mix,False,2.0,0.0,1.0,0.0
860,0.9924999999999898,2857,5721,69,2788,5652,2926,5790,138,138,0,1,Mix,False,2.0,0.0,0.0,0.0
861,0.9999999999999896,2393,5722,69,2324,5653,2462,5791,138,138,0,1,Mix,False,3.0,0.0,0.0,0.0
862,0.9999999999999896,3583,5725,69,3514,5656,3652,5794,138,138,0,1,Mix,False,1.0,0.0,0.0,0.0
863,0.999999999999994,4428,5745,65,4363,5680,4493,5810,130,130,0,1,Mix,True,2.0,0.0,0.0,0.0
864,0.9999999999999928,3438,5752,68,3370,5684,3506,5820,136,136,0,1,Mix,False,2.0,0.0,0.0,0.0
865,0.9924999999999898,4303,5756,70,4233,5686,4373,5826,140,140,0,1,Mix,False,2.0,0.0,0.0,0.0
866,0.9999999999999896,2536,5766,69,2467,5697,2605,5835,138,138,0,1,Mix,False,0.0,0.0,0.0,0.0
867,0.9999999999999896,3004,5776,70,2934,5706,3074,5846,140,140,0,1,Mix,False,1.0,0.0,0.0,0.0
868,0.9999999999999896,3289,5778,70,3219,5708,3359,5848,140,140,0,1,Mix,False,1.0,0.0,0.0,0.0
869,0.9999999999999896,4160,5797,69,4091,5728,4229,5866,138,138,0,1,Mix,False,0.0,0.0,0.0,0.0
870,0.9999999999999896,3999,5808,69,3930,5739,4068,5877,138,138,0,1,Mix,False,1.0,0.0,0.0,0.0
871,0.9999999999999896,2679,5817,69,2610,5748,2748,5886,138,138,0,1,Mix,False,1.0,0.0,0.0,0.0
872,0.9999999999999896,3146,5822,70,3076,5752,3216,5892,140,140,0,1,Mix,False,2.0,0.0,0.0,0.0
873,0.9999999999999896,3838,5824,69,3769,5755,3907,5893,138,138,0,1,Mix,False,1.0,0.0,0.0,0.0
874,0.9999999999999896,3680,5839,69,3611,5770,3749,5908,138,138,0,1,Mix,False,2.0,0.0,0.0,0.0
875,0.999999999999994,2428,5862,65,2363,5797,2493,5927,130,130,0,1,Mix,False,0.0,0.0,0.0,0.0
876,0.9999999999999896,3533,5866,70,3463,5796,3603,5936,140,140,0,1,Mix,False,1.0,0.0,0.0,0.0
877,0.9999999999999896,2820,5867,69,2751,5798,2889,5936,138,138,0,1,Mix,False,0.0,3.0,0.0,0.0
878,0.9999999999999942,4370,5888,67,4303,5821,4437,5955,134,134,0,1,Mix,False,2.0,0.0,0.0,0.0
879,0.9999999999999896,3386,5892,70,3316,5822,3456,5962,140,140,0,1,Mix,False,3.0,0.0,0.0,0.0
880,0.999999999999994,5539,5897,65,5474,5832,5604,5962,130,130,0,1,Mix,True,0.0,0.0,0.0,0.0
881,0.9999999999999896,2564,5912,69,2495,5843,2633,5981,138,138,0,1,Mix,False,0.0,0.0,0.0,0.0
882,0.9999999999999896,2962,5919,70,2892,5849,3032,5989,140,140,0,1,Mix,False,1.0,0.0,0.0,0.0
883,0.9999999999999896,4236,5928,70,4166,5858,4306,5998,140,140,0,1,Mix,True,0.0,0.0,0.0,0.0
884,0.999999999999994,4466,5928,65,4401,5863,4531,5993,130,130,0,1,Mix,True,0.0,0.0,0.0,0.0
885,0.9999999999999896,4086,5930,69,4017,5861,4155,5999,138,138,0,1,Mix,False,1.0,0.0,0.0,0.0
886,0.9999999999999896,3244,5936,70,3174,5866,3314,6006,140,140,0,1,Mix,False,2.0,0.0,0.0,0.0
887,0.9999999999999928,3930,5939,68,3862,5871,3998,6007,136,136,0,1,Mix,False,2.0,0.0,0.0,0.0
888,0.9999999999999896,3770,5958,70,3700,5888,3840,6028,140,140,0,1,Mix,False,2.0,0.0,0.0,0.0
889,0.9999999999999896,2706,5964,69,2637,5895,2775,6033,138,138,0,1,Mix,False,2.0,0.0,0.0,0.0
890,0.9999999999999896,3100,5976,70,3030,5906,3170,6046,140,140,0,1,Mix,False,2.0,0.0,0.0,0.0
891,0.9999999999999896,3623,5984,69,3554,5915,3692,6053,138,138,0,1,Mix,False,2.0,0.0,0.0,0.0
892,0.9924999999999898,2299,5994,69,2230,5925,2368,6063,138,138,0,1,Mix,False,0.0,0.0,0.0,0.0
893,0.9999999999999896,2448,6006,69,2379,5937,2517,6075,138,138,0,1,Mix,False,0.0,1.0,0.0,0.0
894,0.9999999999999928,5461,6006,68,5393,5938,5529,6074,136,136,0,1,Mix,True,3.0,0.0,0.0,0.0
895,0.9999999999999896,3477,6010,69,3408,5941,3546,6079,138,138,0,1,Mix,False,0.0,0.0,0.0,0.0
896,0.9999999999999896,2848,6019,70,2778,5949,2918,6089,140,140,0,1,Mix,False,1.0,0.0,0.0,0.0
897,0.9999999999999896,2152,6020,69,2083,5951,2221,6089,138,138,0,1,Mix,False,0.0,0.0,0.0,0.0
898,0.9999999999999942,4442,6020,67,4375,5953,4509,6087,134,134,0,1,Mix,False,3.0,0.0,0.0,0.0
899,0.9999999999999896,3335,6055,69,3266,5986,3404,6124,138,138,0,1,Mix,False,0.0,0.0,0.0,0.0
900,0.9999999999999896,4163,6058,69,4094,5989,4232,6127,138,138,0,1,Mix,False,0.0,0.0,0.0,0.0
901,0.9999999999999896,2590,6059,69,2521,5990,2659,6128,138,138,0,1,Mix,False,2.0,0.0,0.0,0.0
902,0.9999999999999896,4014,6061,69,3945,5992,4083,6130,138,138,0,1,Mix,False,0.0,0.0,0.0,0.0
903,0.9999999999999896,3866,6072,69,3797,6003,3935,6141,138,138,0,1,Mix,False,0.0,1.0,0.0,0.0
904,0.9999999999999896,2990,6076,70,2920,6006,3060,6146,140,140,0,1,Mix,False,0.0,0.0,0.0,0.0
905,0.9599999999999904,4313,6076,70,4243,6006,4383,6146,140,140,0,1,Mix,False,0.0,0.0,0.0,0.0
906,0.9974999999999896,3718,6098,69,3649,6029,3787,6167,138,138,0,1,Mix,False,4.0,0.0,0.0,0.0
907,0.9999999999999896,2730,6112,69,2661,6043,2799,6181,138,138,0,1,Mix,False,1.0,0.0,0.0,0.0
908,0.9999999999999896,3202,6120,69,3133,6051,3271,6189,138,138,0,1,Mix,False,4.0,0.0,0.0,0.0
909,0.9999999999999896,3565,6131,70,3495,6061,3635,6201,140,140,0,1,Mix,False,0.0,0.0,0.0,0.0
910,0.9999999999999896,5379,6132,69,5310,6063,5448,6201,138,138,0,1,Mix,True,1.0,0.0,1.0,0.0
911,0.9999999999999896,4532,6139,69,4463,6070,4601,6208,138,138,0,1,Mix,False,2.0,0.0,0.0,0.0
912,0.9999999999999896,2326,6141,69,2257,6072,2395,6210,138,138,0,1,Mix,False,2.0,0.0,0.0,0.0
913,0.9999999999999896,2474,6153,69,2405,6084,2543,6222,138,138,0,1,Mix,False,0.0,0.0,0.0,0.0
914,0.9999999999999896,2179,6166,69,2110,6097,2248,6235,138,138,0,1,Mix,False,2.0,0.0,0.0,0.0
915,0.9999999999999896,2870,6166,70,2800,6096,2940,6236,140,140,0,1,Mix,False,2.0,0.0,0.0,0.0
916,0.999999999999994,4108,6187,65,4043,6122,4173,6252,130,130,0,1,Mix,True,4.0,0.0,0.0,0.0
917,0.9999999999999896,3400,6189,69,3331,6120,3469,6258,138,138,0,1,Mix,False,0.0,0.0,0.0,0.0
918,0.999999999999994,3960,6192,65,3895,6127,4025,6257,130,130,0,1,Mix,False,3.0,0.0,0.0,0.0
919,0.9999999999999896,3076,6198,70,3006,6128,3146,6268,140,140,0,1,Mix,False,0.0,0.0,0.0,0.0
920,0.999999999999994,3813,6203,65,3748,6138,3878,6268,130,130,0,1,Mix,False,0.0,0.0,0.0,0.0
921,0.999999999999994,4838,6203,65,4773,6138,4903,6268,130,130,0,1,Mix,True,0.0,0.0,0.0,0.0
922,0.7898936170212737,5582,6204,65,5517,6139,5647,6269,130,130,0,1,Mix,True,0.0,0.0,0.0,0.0
923,0.9999999999999896,2614,6206,69,2545,6137,2683,6275,138,138,0,1,Mix,False,0.0,0.0,0.0,0.0
924,0.9999999999999896,4407,6209,70,4337,6139,4477,6279,140,140,0,1,Mix,True,2.0,0.0,0.0,0.0
925,0.999999999999994,5250,6209,66,5184,6143,5316,6275,132,132,0,1,Mix,False,0.0,0.0,0.0,0.0
926,0.9999999999999942,4660,6216,67,4593,6149,4727,6283,134,134,0,1,Mix,False,0.0,0.0,0.0,0.0
927,0.999999999999994,3666,6230,65,3601,6165,3731,6295,130,130,0,1,Mix,False,3.0,0.0,0.0,0.0
928,0.9999999999999896,3262,6255,70,3192,6185,3332,6325,140,140,0,1,Mix,False,0.0,0.0,0.0,0.0
929,0.9999999999999928,2752,6258,68,2684,6190,2820,6326,136,136,0,1,Mix,False,2.0,0.0,0.0,0.0
930,0.9999999999999928,3520,6268,68,3452,6200,3588,6336,136,136,0,1,Mix,False,0.0,0.0,0.0,0.0
931,0.999999999999994,5111,6268,65,5046,6203,5176,6333,130,130,0,1,Mix,False,1.0,0.0,0.0,0.0
932,0.9999999999999896,2390,6275,69,2321,6206,2459,6344,138,138,0,1,Mix,False,2.0,0.0,0.0,0.0
933,0.999999999999994,4538,6277,66,4472,6211,4604,6343,132,132,0,1,Mix,False,0.0,0.0,0.0,0.0
934,0.999999999999994,4284,6280,65,4219,6215,4349,6345,130,130,0,1,Mix,True,2.0,0.0,0.0,0.0
935,0.9949999999999898,2957,6288,69,2888,6219,3026,6357,138,138,0,1,Mix,False,0.0,0.0,0.0,0.0
936,0.999999999999994,4962,6290,65,4897,6225,5027,6355,130,130,0,1,Mix,False,0.0,0.0,0.0,0.0
937,0.9999999999999896,2244,6301,69,2175,6232,2313,6370,138,138,0,1,Mix,False,0.0,1.0,0.0,0.0
938,0.999999999999994,2099,6306,65,2034,6241,2164,6371,130,130,0,1,Mix,False,2.0,0.0,0.0,0.0
939,0.999999999999994,3382,6328,65,3317,6263,3447,6393,130,130,0,1,Mix,False,0.0,0.0,0.0,0.0
940,0.999999999999994,1960,6332,66,1894,6266,2026,6398,132,132,0,1,Mix,False,0.0,0.0,0.0,0.0
941,0.9999999999999896,3119,6340,70,3049,6270,3189,6410,140,140,0,1,Mix,False,0.0,0.0,0.0,0.0
942,0.999999999999994,4700,6345,66,4634,6279,4766,6411,132,132,0,1,Mix,True,0.0,0.0,0.0,0.0
943,0.7551020408163218,5585,6354,68,5517,6286,5653,6422,136,136,0,1,Mix,True,0.0,0.0,0.0,0.0
944,0.9999999999999896,5198,6377,70,5128,6307,5268,6447,140,140,0,1,Mix,False,0.0,0.0,0.0,0.0
945,0.9999999999999896,2837,6380,69,2768,6311,2906,6449,138,138,0,1,Mix,False,0.0,0.0,0.0,0.0
946,0.9999999999999896,2485,6388,69,2416,6319,2554,6457,138,138,0,1,Mix,False,2.0,0.0,0.0,0.0
947,0.9999999999999896,5050,6399,70,4980,6329,5120,6469,140,140,0,1,Mix,False,0.0,0.0,0.0,0.0
948,0.9999999999999928,4834,6408,68,4766,6340,4902,6476,136,136,0,1,Mix,True,2.0,0.0,0.0,0.0
949,0.9999999999999896,2340,6415,69,2271,6346,2409,6484,138,138,0,1,Mix,False,1.0,0.0,0.0,0.0
950,0.9999999999999896,2997,6430,69,2928,6361,3066,6499,138,138,0,1,Mix,False,0.0,0.0,0.0,0.0
951,0.999999999999994,2197,6436,65,2132,6371,2262,6501,130,130,0,1,Mix,False,0.0,1.0,0.0,0.0
952,0.9999999999999896,2054,6444,69,1985,6375,2123,6513,138,138,0,1,Mix,False,4.0,0.0,0.0,0.0
953,0.999999999999994,3300,6449,65,3235,6384,3365,6514,130,130,0,1,Mix,True,2.0,0.0,0.0,0.0
954,0.7324999999999954,5587,6469,70,5517,6399,5657,6539,140,140,0,1,Mix,True,0.0,0.0,0.0,0.0
955,0.999999999999994,3128,6482,65,3063,6417,3193,6547,130,130,0,1,Mix,False,4.0,0.0,0.0,0.0
956,0.9999999999999896,2731,6485,69,2662,6416,2800,6554,138,138,0,1,Mix,False,0.0,0.0,0.0,0.0
957,0.999999999999994,4951,6499,66,4885,6433,5017,6565,132,132,0,1,Mix,True,2.0,0.0,0.0,0.0
958,0.9999999999999896,2582,6502,69,2513,6433,2651,6571,138,138,0,1,Mix,False,0.0,0.0,0.0,0.0
959,0.9999999999999896,2876,6524,70,2806,6454,2946,6594,140,140,0,1,Mix,False,0.0,0.0,0.0,0.0
960,0.9999999999999896,2436,6528,69,2367,6459,2505,6597,138,138,0,1,Mix,False,2.0,0.0,0.0,0.0
961,0.9999999999999896,2290,6556,69,2221,6487,2359,6625,138,138,0,1,Mix,False,1.0,0.0,0.0,0.0
962,0.7765957446808484,5582,6564,65,5517,6499,5647,6629,130,130,0,1,Mix,True,0.0,0.0,0.0,0.0
963,0.9999999999999896,2138,6567,69,2069,6498,2207,6636,138,138,0,1,Mix,False,0.0,1.0,0.0,0.0
964,0.9999999999999896,1990,6585,69,1921,6516,2059,6654,138,138,0,1,Mix,False,0.0,1.0,0.0,0.0
965,0.999999999999994,3078,6610,65,3013,6545,3143,6675,130,130,0,1,Mix,True,2.0,0.0,0.0,0.0
966,0.9999999999999896,2769,6630,69,2700,6561,2838,6699,138,138,0,1,Mix,False,0.0,0.0,0.0,0.0
967,0.9999999999999896,2540,6645,69,2471,6576,2609,6714,138,138,0,1,Mix,False,0.0,0.0,0.0,0.0
968,0.9999999999999896,2387,6669,69,2318,6600,2456,6738,138,138,0,1,Mix,False,0.0,0.0,0.0,1.0
969,0.999999999999994,2903,6676,66,2837,6610,2969,6742,132,132,0,1,Mix,False,0.0,0.0,0.0,0.0
970,0.999999999999994,5062,6685,65,4997,6620,5127,6750,130,130,0,1,Mix,True,2.0,0.0,0.0,0.0
971,0.8218085106382945,5564,6685,65,5499,6620,5629,6750,130,130,0,1,Mix,True,0.0,0.0,0.0,0.0
972,0.9999999999999942,2224,6686,67,2157,6619,2291,6753,134,134,0,1,Mix,False,4.0,0.0,0.0,0.0
973,0.999999999999994,5170,6699,65,5105,6634,5235,6764,130,130,0,1,Mix,True,0.0,0.0,0.0,0.0
974,0.9999999999999896,2077,6706,69,2008,6637,2146,6775,138,138,0,1,Mix,False,2.0,0.0,0.0,1.0
975,0.9999999999999896,5305,6747,69,5236,6678,5374,6816,138,138,0,1,Mix,False,3.0,0.0,0.0,0.0
976,0.7724999999999945,5454,6764,70,5384,6694,5524,6834,140,140,0,1,Mix,False,0.0,0.0,0.0,0.0
977,0.9999999999999928,2483,6783,68,2415,6715,2551,6851,136,136,0,1,Mix,False,0.0,0.0,0.0,0.0
978,0.999999999999994,2804,6791,66,2738,6725,2870,6857,132,132,0,1,Mix,False,0.0,0.0,0.0,0.0
979,0.9999999999999896,2316,6801,69,2247,6732,2385,6870,138,138,0,1,Mix,False,1.0,0.0,0.0,0.0
980,0.9999999999999896,2169,6824,69,2100,6755,2238,6893,138,138,0,1,Mix,False,1.0,0.0,0.0,0.0
981,0.8696808510638258,5566,6838,65,5501,6773,5631,6903,130,130,0,1,Mix,True,0.0,0.0,0.0,0.0
982,0.9999999999999896,2024,6859,69,1955,6790,2093,6928,138,138,0,1,Mix,False,4.0,0.0,0.0,0.0
983,0.999999999999994,2591,6880,65,2526,6815,2656,6945,130,130,0,1,Mix,False,1.0,0.0,0.0,0.0
984,0.999999999999994,5311,6890,65,5246,6825,5376,6955,130,130,0,1,Mix,True,3.0,0.0,0.0,0.0
985,0.9974489795918297,1880,6898,68,1812,6830,1948,6966,136,136,0,1,Mix,False,4.0,0.0,0.0,0.0
986,0.9999999999999928,2413,6913,68,2345,6845,2481,6981,136,136,0,1,Mix,False,0.0,0.0,0.0,0.0
987,0.7774999999999944,5453,6913,70,5383,6843,5523,6983,140,140,0,1,Mix,False,3.0,0.0,0.0,0.0
988,0.9974999999999896,2262,6941,69,2193,6872,2331,7010,138,138,0,1,Mix,False,0.0,0.0,0.0,0.0
989,0.9999999999999896,2117,6976,70,2047,6906,2187,7046,140,140,0,1,Mix,False,1.0,0.0,0.0,0.0
990,0.9999999999999942,2678,6988,67,2611,6921,2745,7055,134,134,0,1,Mix,False,0.0,0.0,0.0,0.0
991,0.84042553191489,5565,6990,65,5500,6925,5630,7055,130,130,0,1,Mix,True,0.0,0.0,0.0,0.0
992,0.9924999999999898,2524,7012,70,2454,6942,2594,7082,140,140,0,1,Mix,False,0.0,0.0,0.0,0.0
993,0.9999999999999896,1972,7015,70,1902,6945,2042,7085,140,140,0,1,Mix,False,2.0,0.0,0.0,0.0
994,0.999999999999994,5402,7047,66,5336,6981,5468,7113,132,132,0,1,Mix,True,3.0,0.0,0.0,0.0
995,0.9999999999999896,1828,7053,69,1759,6984,1897,7122,138,138,0,1,Mix,False,2.0,0.0,0.0,0.0
996,0.9999999999999896,2359,7054,70,2289,6984,2429,7124,140,140,0,1,Mix,False,0.0,0.0,0.0,0.0
997,0.9999999999999896,2214,7090,70,2144,7020,2284,7160,140,140,0,1,Mix,False,2.0,0.0,1.0,0.0
998,0.8457446808510601,5567,7116,65,5502,7051,5632,7181,130,130,0,1,Mix,True,0.0,0.0,0.0,0.0
999,0.999999999999994,2610,7124,65,2545,7059,2675,7189,130,130,0,1,Mix,False,0.0,0.0,0.0,0.0
1000,0.9999999999999896,2070,7128,70,2000,7058,2140,7198,140,140,0,1,Mix,False,0.0,1.0,1.0,0.0
1001,0.9974999999999896,2471,7153,69,2402,7084,2540,7222,138,138,0,1,Mix,False,0.0,0.0,0.0,0.0
1002,0.9999999999999896,1924,7166,70,1854,7096,1994,7236,140,140,0,1,Mix,False,1.0,0.0,0.0,0.0
1003,0.9999999999999928,5460,7188,68,5392,7120,5528,7256,136,136,0,1,Mix,True,4.0,0.0,0.0,0.0
1004,0.9974999999999896,2318,7197,69,2249,7128,2387,7266,138,138,0,1,Mix,False,0.0,0.0,0.0,0.0
1005,0.9999999999999896,1789,7228,70,1719,7158,1859,7298,140,140,0,1,Mix,False,2.0,0.0,0.0,0.0
1006,0.9999999999999896,2174,7235,69,2105,7166,2243,7304,138,138,0,1,Mix,False,0.0,0.0,0.0,0.0
1007,0.999999999999994,2558,7264,65,2493,7199,2623,7329,130,130,0,1,Mix,False,2.0,0.0,0.0,0.0
1008,0.9999999999999896,2030,7273,70,1960,7203,2100,7343,140,140,0,1,Mix,False,2.0,0.0,0.0,0.0
1009,0.9999999999999896,2423,7303,69,2354,7234,2492,7372,138,138,0,1,Mix,False,0.0,0.0,0.0,0.0
1010,0.9719387755101973,5529,7306,68,5461,7238,5597,7374,136,136,0,1,Mix,True,0.0,0.0,0.0,0.0
1011,0.9999999999999896,2279,7341,69,2210,7272,2348,7410,138,138,0,1,Mix,False,0.0,0.0,0.0,0.0
1012,0.9949999999999898,1854,7362,69,1785,7293,1923,7431,138,138,0,1,Mix,False,1.0,0.0,0.0,0.0
1013,0.9999999999999896,2134,7380,70,2064,7310,2204,7450,140,140,0,1,Mix,False,2.0,0.0,0.0,0.0
1014,0.999999999999994,2520,7408,66,2454,7342,2586,7474,132,132,0,1,Mix,True,3.0,0.0,0.0,0.0
1015,0.9999999999999928,1991,7416,68,1923,7348,2059,7484,136,136,0,1,Mix,False,2.0,0.0,0.0,0.0
1016,0.9999999999999896,2387,7460,69,2318,7391,2456,7529,138,138,0,1,Mix,False,0.0,0.0,0.0,0.0
1017,0.9999999999999896,1747,7466,70,1677,7396,1817,7536,140,140,0,1,Mix,False,2.0,0.0,0.0,0.0
1018,0.9999999999999896,2240,7484,70,2170,7414,2310,7554,140,140,0,1,Mix,False,2.0,0.0,0.0,0.0
1019,0.9999999999999896,1886,7520,70,1816,7450,1956,7590,140,140,0,1,Mix,False,1.0,0.0,0.0,0.0
1020,0.9999999999999942,2494,7555,67,2427,7488,2561,7622,134,134,0,1,Mix,True,0.0,0.0,0.0,0.0
1021,0.9999999999999896,2030,7559,70,1960,7489,2100,7629,140,140,0,1,Mix,False,2.0,0.0,0.0,0.0
1022,0.9999999999999896,1776,7619,69,1707,7550,1845,7688,138,138,0,1,Mix,False,2.0,0.0,0.0,0.0
1023,0.9999999999999896,2368,7622,70,2298,7552,2438,7692,140,140,0,1,Mix,False,0.0,0.0,0.0,0.0
1024,0.9999999999999896,1917,7665,70,1847,7595,1987,7735,140,140,0,1,Mix,False,3.0,0.0,0.0,0.0
1025,0.999999999999994,5563,7672,65,5498,7607,5628,7737,130,130,0,1,Mix,True,0.0,0.0,0.0,0.0
1026,0.9999999999999896,2056,7720,70,1986,7650,2126,7790,140,140,0,1,Mix,False,2.0,0.0,0.0,0.0
1027,0.999999999999994,2552,7752,65,2487,7687,2617,7817,130,130,0,1,Mix,True,2.0,0.0,0.0,0.0
1028,0.9999999999999896,2218,7763,69,2149,7694,2287,7832,138,138,0,1,Mix,False,4.0,0.0,0.0,0.0
1029,0.9999999999999896,1808,7768,70,1738,7698,1878,7838,140,140,0,1,Mix,False,3.0,0.0,0.0,0.0
1030,0.9999999999999896,2365,7782,69,2296,7713,2434,7851,138,138,0,1,Mix,False,1.0,0.0,0.0,0.0
1031,0.9974999999999896,1947,7821,69,1878,7752,2016,7890,138,138,0,1,Mix,False,2.0,0.0,0.0,0.0
1032,0.9999999999999896,2090,7866,70,2020,7796,2160,7936,140,140,0,1,Mix,False,0.0,0.0,0.0,0.0
1033,0.9999999999999896,1699,7869,69,1630,7800,1768,7938,138,138,0,1,Mix,False,0.0,0.0,0.0,0.0
1034,0.999999999999994,2560,7904,65,2495,7839,2625,7969,130,130,0,1,Mix,True,0.0,0.0,0.0,0.0
1035,0.9999999999999896,2233,7911,69,2164,7842,2302,7980,138,138,0,1,Mix,False,1.0,0.0,0.0,0.0
1036,0.98999999999999,1838,7922,69,1769,7853,1907,7991,138,138,0,1,Mix,False,0.0,0.0,0.0,0.0
1037,0.9999999999999896,2378,7944,70,2308,7874,2448,8014,140,140,0,1,Mix,False,2.0,0.0,0.0,0.0
1038,0.9974999999999896,1980,7967,69,1911,7898,2049,8036,138,138,0,1,Mix,False,1.0,1.0,0.0,0.0
1039,0.9999999999999896,1588,7970,69,1519,7901,1657,8039,138,138,0,1,Mix,False,1.0,0.0,0.0,0.0
1040,0.999999999999994,2508,8000,65,2443,7935,2573,8065,130,130,0,1,Mix,False,0.0,0.0,0.0,0.0
1041,0.9999999999999896,2123,8012,70,2053,7942,2193,8082,140,140,0,1,Mix,False,2.0,0.0,0.0,0.0
1042,0.9999999999999896,1728,8023,69,1659,7954,1797,8092,138,138,0,1,Mix,False,3.0,0.0,0.0,0.0
1043,0.9999999999999896,2265,8056,69,2196,7987,2334,8125,138,138,0,1,Mix,False,0.0,0.0,0.0,0.0
1044,0.9999999999999896,1870,8068,69,1801,7999,1939,8137,138,138,0,1,Mix,False,3.0,0.0,0.0,0.0
1045,0.9999999999999896,2407,8100,69,2338,8031,2476,8169,138,138,0,1,Mix,False,4.0,0.0,0.0,0.0
1046,0.9999999999999896,2012,8114,70,1942,8044,2082,8184,140,140,0,1,Mix,False,3.0,0.0,0.0,0.0
1047,0.999999999999994,2542,8145,65,2477,8080,2607,8210,130,130,0,1,Mix,False,2.0,0.0,0.0,0.0
1048,0.9999999999999896,5520,8150,69,5451,8081,5589,8219,138,138,0,1,Mix,True,0.0,0.0,0.0,0.0
1049,0.9999999999999896,1657,8155,69,1588,8086,1726,8224,138,138,0,1,Mix,False,3.0,0.0,0.0,0.0
1050,0.9999999999999896,2156,8158,69,2087,8089,2225,8227,138,138,0,1,Mix,False,3.0,0.0,0.0,0.0
1051,0.9999999999999896,1800,8200,70,1730,8130,1870,8270,140,140,0,1,Mix,False,2.0,0.0,0.0,0.0
1052,0.9999999999999896,2298,8202,69,2229,8133,2367,8271,138,138,0,1,Mix,False,0.0,0.0,0.0,0.0
1053,0.9999999999999896,1942,8246,69,1873,8177,2011,8315,138,138,0,1,Mix,False,1.0,0.0,0.0,0.0
1054,0.9999999999999896,2448,8252,69,2379,8183,2517,8321,138,138,0,1,Mix,False,0.0,0.0,0.0,0.0
1055,0.9974999999999896,1548,8257,69,1479,8188,1617,8326,138,138,0,1,Mix,False,1.0,0.0,1.0,0.0
1056,0.999999999999994,5462,8271,65,5397,8206,5527,8336,130,130,0,1,Mix,True,0.0,0.0,0.0,0.0
1057,0.9999999999999896,2085,8289,69,2016,8220,2154,8358,138,138,0,1,Mix,False,2.0,0.0,0.0,0.0
1058,0.9999999999999896,1690,8302,69,1621,8233,1759,8371,138,138,0,1,Mix,False,0.0,0.0,0.0,0.0
1059,0.999999999999994,2667,8311,65,2602,8246,2732,8376,130,130,0,1,Mix,True,2.0,0.0,0.0,0.0
1060,0.9999999999999896,2228,8333,69,2159,8264,2297,8402,138,138,0,1,Mix,False,1.0,0.0,0.0,0.0
1061,0.9999999999999896,1833,8348,69,1764,8279,1902,8417,138,138,0,1,Mix,False,2.0,0.0,0.0,0.0
1062,0.9999999999999928,1437,8357,68,1369,8289,1505,8425,136,136,0,1,Mix,False,0.0,1.0,0.0,0.0
1063,0.9999999999999896,2370,8380,69,2301,8311,2439,8449,138,138,0,1,Mix,False,2.0,0.0,0.0,0.0
1064,0.9999999999999896,1976,8392,69,1907,8323,2045,8461,138,138,0,1,Mix,False,1.0,0.0,0.0,0.0
1065,0.999999999999994,2512,8402,65,2447,8337,2577,8467,130,130,0,1,Mix,False,0.0,0.0,0.0,0.0
1066,0.9999999999999896,1580,8404,69,1511,8335,1649,8473,138,138,0,1,Mix,False,1.0,0.0,0.0,0.0
1067,0.9699999999999904,5451,8418,70,5381,8348,5521,8488,140,140,0,1,Mix,False,0.0,0.0,0.0,0.0
1068,0.999999999999994,2646,8424,65,2581,8359,2711,8489,130,130,0,1,Mix,False,3.0,0.0,0.0,0.0
1069,0.9999999999999896,2118,8435,69,2049,8366,2187,8504,138,138,0,1,Mix,False,3.0,0.0,0.0,0.0
1070,0.9999999999999896,1723,8448,69,1654,8379,1792,8517,138,138,0,1,Mix,False,2.0,0.0,0.0,0.0
1071,0.999999999999994,1328,8453,65,1263,8388,1393,8518,130,130,0,1,Mix,False,0.0,0.0,0.0,0.0
1072,0.999999999999994,2738,8467,65,2673,8402,2803,8532,130,130,0,1,Mix,True,0.0,0.0,1.0,0.0
1073,0.9999999999999896,1866,8493,69,1797,8424,1935,8562,138,138,0,1,Mix,False,2.0,0.0,1.0,0.0
1074,0.9999999999999896,2274,8494,69,2205,8425,2343,8563,138,138,0,1,Mix,False,1.0,0.0,0.0,0.0
1075,0.8510638297872303,5551,8509,65,5486,8444,5616,8574,130,130,0,1,Mix,False,0.0,0.0,0.0,0.0
1076,0.999999999999994,5341,8517,65,5276,8452,5406,8582,130,130,0,1,Mix,True,2.0,0.0,0.0,0.0
1077,0.9999999999999896,2426,8518,69,2357,8449,2495,8587,138,138,0,1,Mix,False,0.0,0.0,0.0,0.0
1078,0.9999999999999896,2010,8537,69,1941,8468,2079,8606,138,138,0,1,Mix,False,1.0,0.0,0.0,0.0
1079,0.9999999999999896,1614,8551,69,1545,8482,1683,8620,138,138,0,1,Mix,False,2.0,0.0,0.0,0.0
1080,0.999999999999994,2800,8563,65,2735,8498,2865,8628,130,130,0,1,Mix,True,2.0,0.0,0.0,0.0
1081,0.9999999999999896,2152,8580,69,2083,8511,2221,8649,138,138,0,1,Mix,False,4.0,0.0,0.0,0.0
1082,0.9999999999999896,1758,8596,69,1689,8527,1827,8665,138,138,0,1,Mix,False,4.0,0.0,0.0,0.0
1083,0.8474999999999929,5451,8600,70,5381,8530,5521,8670,140,140,0,1,Mix,True,2.0,0.0,0.0,0.0
1084,0.9923469387755032,1364,8619,68,1296,8551,1432,8687,136,136,0,1,Mix,False,2.0,0.0,0.0,0.0
1085,0.9999999999999928,1215,8628,68,1147,8560,1283,8696,136,136,0,1,Mix,False,2.0,0.0,0.0,0.0
1086,0.9999999999999896,2331,8632,69,2262,8563,2400,8701,138,138,0,1,Mix,False,2.0,0.0,1.0,0.0
1087,0.9999999999999896,1900,8639,69,1831,8570,1969,8708,138,138,0,1,Mix,False,1.0,0.0,0.0,0.0
1088,0.9999999999999896,1510,8658,69,1441,8589,1579,8727,138,138,0,1,Mix,False,4.0,0.0,0.0,0.0
1089,0.9999999999999896,5315,8660,70,5245,8590,5385,8730,140,140,0,1,Mix,False,1.0,0.0,0.0,0.0
1090,0.999999999999994,2802,8676,65,2737,8611,2867,8741,130,130,0,1,Mix,False,0.0,0.0,0.0,0.0
1091,0.9999999999999928,2501,8681,68,2433,8613,2569,8749,136,136,0,1,Mix,False,0.0,0.0,0.0,0.0
1092,0.98979591836734,2661,8682,68,2593,8614,2729,8750,136,136,0,1,Mix,False,4.0,0.0,0.0,0.0
1093,0.8563829787234004,5558,8682,65,5493,8617,5623,8747,130,130,0,1,Mix,True,0.0,0.0,0.0,0.0
1094,0.9999999999999896,2043,8683,69,1974,8614,2112,8752,138,138,0,1,Mix,False,1.0,0.0,0.0,0.0
1095,0.98749999999999,1653,8703,69,1584,8634,1722,8772,138,138,0,1,Mix,False,1.0,0.0,1.0,0.0
1096,0.9999999999999896,2210,8718,69,2141,8649,2279,8787,138,138,0,1,Mix,False,2.0,0.0,0.0,0.0
1097,0.999999999999994,5192,8738,65,5127,8673,5257,8803,130,130,0,1,Mix,False,2.0,0.0,0.0,0.0
1098,0.9999999999999896,1796,8746,69,1727,8677,1865,8815,138,138,0,1,Mix,False,2.0,0.0,0.0,0.0
1099,0.7624999999999947,5446,8748,70,5376,8678,5516,8818,140,140,0,1,Mix,True,3.0,0.0,0.0,0.0
1100,0.9999999999999928,1402,8764,68,1334,8696,1470,8832,136,136,0,1,Mix,False,1.0,0.0,0.0,0.0
1101,0.9999999999999896,2383,8771,69,2314,8702,2452,8840,138,138,0,1,Mix,False,2.0,0.0,0.0,0.0
1102,0.9999999999999928,1939,8788,68,1871,8720,2007,8856,136,136,0,1,Mix,False,2.0,0.0,0.0,0.0
1103,0.999999999999994,2899,8789,65,2834,8724,2964,8854,130,130,0,1,Mix,False,2.0,0.0,0.0,0.0
1104,0.9999999999999896,1545,8808,70,1475,8738,1615,8878,140,140,0,1,Mix,False,2.0,0.0,0.0,0.0
1105,0.9999999999999896,2580,8808,69,2511,8739,2649,8877,138,138,0,1,Mix,False,0.0,0.0,0.0,0.0
1106,0.9999999999999896,2759,8811,69,2690,8742,2828,8880,138,138,0,1,Mix,False,0.0,0.0,0.0,0.0
1107,0.9974999999999896,5311,8811,70,5241,8741,5381,8881,140,140,0,1,Mix,False,1.0,0.0,0.0,0.0
1108,0.914893617021272,5555,8832,65,5490,8767,5620,8897,130,130,0,1,Mix,True,0.0,0.0,0.0,0.0
1109,0.9999999999999896,1689,8850,69,1620,8781,1758,8919,138,138,0,1,Mix,False,1.0,0.0,0.0,0.0
1110,0.9999999999999896,2262,8858,69,2193,8789,2331,8927,138,138,0,1,Mix,False,0.0,0.0,0.0,0.0
1111,0.999999999999994,3009,8888,65,2944,8823,3074,8953,130,130,0,1,Mix,False,4.0,0.0,0.0,0.0
1112,0.9949999999999898,1833,8891,69,1764,8822,1902,8960,138,138,0,1,Mix,False,2.0,0.0,0.0,0.0
1113,0.8074999999999938,5434,8895,70,5364,8825,5504,8965,140,140,0,1,Mix,True,1.0,0.0,0.0,0.0
1114,0.9999999999999896,2454,8902,69,2385,8833,2523,8971,138,138,0,1,Mix,False,2.0,0.0,0.0,0.0
1115,0.999999999999994,4921,8908,65,4856,8843,4986,8973,130,130,0,1,Mix,True,2.0,0.0,0.0,0.0
1116,0.999999999999994,5028,8908,65,4963,8843,5093,8973,130,130,0,1,Mix,False,0.0,0.0,0.0,0.0
1117,0.9999999999999896,1438,8914,69,1369,8845,1507,8983,138,138,0,1,Mix,False,1.0,0.0,0.0,0.0
1118,0.9999999999999896,2873,8927,69,2804,8858,2942,8996,138,138,0,1,Mix,False,3.0,0.0,0.0,0.0
1119,0.9999999999999896,1977,8931,69,1908,8862,2046,9000,138,138,0,1,Mix,False,2.0,0.0,0.0,0.0
1120,0.999999999999994,2589,8949,65,2524,8884,2654,9014,130,130,0,1,Mix,False,2.0,0.0,0.0,0.0
1121,0.9999999999999896,1582,8955,69,1513,8886,1651,9024,138,138,0,1,Mix,False,2.0,0.0,0.0,0.0
1122,0.9999999999999896,5298,8960,70,5228,8890,5368,9030,140,140,0,1,Mix,False,2.0,0.0,0.0,0.0
1123,0.9999999999999896,2728,8971,69,2659,8902,2797,9040,138,138,0,1,Mix,False,0.0,0.0,0.0,0.0
1124,0.9999999999999896,2120,8973,69,2051,8904,2189,9042,138,138,0,1,Mix,False,2.0,0.0,0.0,0.0
1125,0.8989361702127615,5539,8980,65,5474,8915,5604,9045,130,130,0,1,Mix,True,0.0,0.0,0.0,0.0
1126,0.999999999999994,3122,8983,65,3057,8918,3187,9048,130,130,0,1,Mix,False,2.0,0.0,0.0,0.0
1127,0.9924999999999898,1726,8997,69,1657,8928,1795,9066,138,138,0,1,Mix,False,2.0,0.0,0.0,0.0
1128,0.999999999999994,4911,9000,65,4846,8935,4976,9065,130,130,0,1,Mix,False,1.0,0.0,0.0,0.0
1129,0.9999999999999896,2266,9007,69,2197,8938,2335,9076,138,138,0,1,Mix,False,2.0,0.0,0.0,0.0
1130,0.9999999999999896,2987,9028,70,2917,8958,3057,9098,140,140,0,1,Mix,False,0.0,0.0,0.0,0.0
1131,0.9999999999999896,5167,9029,70,5097,8959,5237,9099,140,140,0,1,Mix,False,0.0,0.0,0.0,0.0
1132,0.9999999999999896,1870,9036,69,1801,8967,1939,9105,138,138,0,1,Mix,False,0.0,0.0,0.0,0.0
1133,0.9999999999999896,5424,9040,70,5354,8970,5494,9110,140,140,0,1,Mix,True,4.0,1.0,0.0,0.0
1134,0.9999999999999896,2410,9044,69,2341,8975,2479,9113,138,138,0,1,Mix,False,1.0,0.0,0.0,0.0
1135,0.999999999999994,3246,9063,65,3181,8998,3311,9128,130,130,0,1,Mix,False,3.0,0.0,0.0,0.0
1136,0.9999999999999896,1481,9065,69,1412,8996,1550,9134,138,138,0,1,Mix,False,2.0,0.0,0.0,0.0
1137,0.9999999999999896,2838,9073,69,2769,9004,2907,9142,138,138,0,1,Mix,False,2.0,0.0,0.0,0.0
1138,0.9999999999999896,2014,9078,69,1945,9009,2083,9147,138,138,0,1,Mix,False,2.0,0.0,0.0,0.0
1139,0.9999999999999896,5026,9078,70,4956,9008,5096,9148,140,140,0,1,Mix,False,0.0,0.0,0.0,0.0
1140,0.999999999999994,4786,9079,65,4721,9014,4851,9144,130,130,0,1,Mix,False,2.0,0.0,1.0,0.0
1141,0.9948979591836664,2553,9086,68,2485,9018,2621,9154,136,136,0,1,Mix,False,2.0,0.0,0.0,0.0
1142,0.880319148936166,5545,9091,65,5480,9026,5610,9156,130,130,0,1,Mix,True,0.0,0.0,0.0,0.0
1143,0.999999999999994,5295,9103,65,5230,9038,5360,9168,130,130,0,1,Mix,False,2.0,0.0,0.0,0.0
1144,0.9999999999999896,1624,9106,69,1555,9037,1693,9175,138,138,0,1,Mix,False,1.0,0.0,0.0,0.0
1145,0.9999999999999896,2158,9118,69,2089,9049,2227,9187,138,138,0,1,Mix,False,1.0,0.0,0.0,0.0
1146,0.9999999999999896,2698,9123,69,2629,9054,2767,9192,138,138,0,1,Mix,False,2.0,1.0,1.0,0.0
1147,0.9999999999999896,3118,9123,69,3049,9054,3187,9192,138,138,0,1,Mix,False,3.0,0.0,0.0,0.0
1148,0.999999999999994,3378,9132,65,3313,9067,3443,9197,130,130,0,1,Mix,False,0.0,0.0,0.0,0.0
1149,0.9999999999999896,1768,9145,69,1699,9076,1837,9214,138,138,0,1,Mix,False,2.0,0.0,0.0,0.0
1150,0.999999999999994,4654,9147,65,4589,9082,4719,9212,130,130,0,1,Mix,False,2.0,0.0,0.0,0.0
1151,0.9999999999999896,4902,9158,70,4832,9088,4972,9228,140,140,0,1,Mix,False,0.0,0.0,0.0,0.0
1152,0.9999999999999896,2947,9172,70,2877,9102,3017,9242,140,140,0,1,Mix,False,0.0,0.0,0.0,0.0
1153,0.9999999999999928,1380,9176,68,1312,9108,1448,9244,136,136,0,1,Mix,False,2.0,0.0,0.0,0.0
1154,0.9999999999999896,5173,9176,70,5103,9106,5243,9246,140,140,0,1,Mix,False,0.0,0.0,0.0,0.0
1155,0.7674999999999946,5445,9183,70,5375,9113,5515,9253,140,140,0,1,Mix,True,2.0,0.0,0.0,0.0
1156,0.9924999999999898,1912,9188,69,1843,9119,1981,9257,138,138,0,1,Mix,False,2.0,0.0,0.0,0.0
1157,0.9999999999999896,2450,9194,69,2381,9125,2519,9263,138,138,0,1,Mix,False,0.0,0.0,0.0,0.0
1158,0.999999999999994,3546,9200,65,3481,9135,3611,9265,130,130,0,1,Mix,False,2.0,0.0,0.0,0.0
1159,0.999999999999994,4516,9201,65,4451,9136,4581,9266,130,130,0,1,Mix,False,0.0,0.0,0.0,0.0
1160,0.9999999999999896,3256,9203,69,3187,9134,3325,9272,138,138,0,1,Mix,False,0.0,0.0,0.0,0.0
1161,0.999999999999994,4774,9209,65,4709,9144,4839,9274,130,130,0,1,Mix,False,1.0,0.0,0.0,0.0
1162,0.9999999999999896,1524,9217,69,1455,9148,1593,9286,138,138,0,1,Mix,False,0.0,0.0,0.0,0.0
1163,0.9999999999999928,2809,9224,68,2741,9156,2877,9292,136,136,0,1,Mix,False,1.0,0.0,0.0,0.0
1164,0.9999999999999896,2056,9227,69,1987,9158,2125,9296,138,138,0,1,Mix,False,2.0,0.0,0.0,0.0
1165,0.9999999999999896,5034,9227,70,4964,9157,5104,9297,140,140,0,1,Mix,False,0.0,0.0,0.0,0.0
1166,0.9999999999999896,2594,9231,69,2525,9162,2663,9300,138,138,0,1,Mix,False,0.0,1.0,0.0,0.0
1167,0.999999999999994,3689,9236,65,3624,9171,3754,9301,130,130,0,1,Mix,False,0.0,0.0,0.0,0.0
1168,0.999999999999994,4373,9243,65,4308,9178,4438,9308,130,130,0,1,Mix,False,0.0,0.0,0.0,0.0
1169,0.9999999999999896,5309,9246,70,5239,9176,5379,9316,140,140,0,1,Mix,False,2.0,0.0,0.0,0.0
1170,0.9999999999999896,1668,9255,69,1599,9186,1737,9324,138,138,0,1,Mix,False,0.0,0.0,0.0,0.0
1171,0.8351063829787199,5557,9260,65,5492,9195,5622,9325,130,130,0,1,Mix,True,0.0,0.0,0.0,0.0
1172,0.9999999999999896,3065,9262,70,2995,9192,3135,9332,140,140,0,1,Mix,False,0.0,0.0,0.0,0.0
1173,0.9999999999999896,2201,9264,69,2132,9195,2270,9333,138,138,0,1,Mix,False,2.0,0.0,0.0,0.0
1174,0.9999999999999896,3388,9272,69,3319,9203,3457,9341,138,138,0,1,Mix,False,0.0,0.0,0.0,0.0
1175,0.999999999999994,4127,9273,65,4062,9208,4192,9338,130,130,0,1,Mix,False,4.0,0.0,0.0,0.0
1176,0.9999999999999942,3921,9279,67,3854,9212,3988,9346,134,134,0,1,Mix,False,4.0,0.0,0.0,0.0
1177,0.9999999999999896,4661,9287,70,4591,9217,4731,9357,140,140,0,1,Mix,False,1.0,0.0,0.0,0.0
1178,0.9999999999999896,1811,9298,69,1742,9229,1880,9367,138,138,0,1,Mix,False,1.0,0.0,0.0,0.0
1179,0.9999999999999896,2346,9300,69,2277,9231,2415,9369,138,138,0,1,Mix,False,1.0,0.0,0.0,0.0
1180,0.9999999999999896,4908,9306,70,4838,9236,4978,9376,140,140,0,1,Mix,False,0.0,0.0,0.0,0.0
1181,0.98749999999999,2927,9320,69,2858,9251,2996,9389,138,138,0,1,Mix,False,0.0,0.0,0.0,0.0
1182,0.9924999999999898,5182,9323,69,5113,9254,5251,9392,138,138,0,1,Mix,False,0.0,0.0,0.0,0.0
1183,0.999999999999994,4260,9326,65,4195,9261,4325,9391,130,130,0,1,Mix,False,0.0,0.0,0.0,0.0
1184,0.7599999999999948,5445,9329,70,5375,9259,5515,9399,140,140,0,1,Mix,True,1.0,0.0,0.0,0.0
1185,0.9999999999999896,1954,9337,69,1885,9268,2023,9406,138,138,0,1,Mix,False,2.0,0.0,0.0,0.0
1186,0.9974999999999896,3194,9337,69,3125,9268,3263,9406,138,138,0,1,Mix,False,0.0,0.0,0.0,0.0
1187,0.9999999999999896,2490,9338,69,2421,9269,2559,9407,138,138,0,1,Mix,False,2.0,0.0,0.0,0.0
1188,0.9999999999999896,3522,9338,69,3453,9269,3591,9407,138,138,0,1,Mix,False,0.0,0.0,1.0,0.0
1189,0.9999999999999896,3788,9339,69,3719,9270,3857,9408,138,138,0,1,Mix,False,0.0,0.0,0.0,0.0
1190,0.9999999999999896,4522,9340,70,4452,9270,4592,9410,140,140,0,1,Mix,False,0.0,0.0,0.0,0.0
1191,0.9999999999999896,2691,9346,69,2622,9277,2760,9415,138,138,0,1,Mix,False,2.0,0.0,0.0,0.0
1192,0.9999999999999896,1451,9349,69,1382,9280,1520,9418,138,138,0,1,Mix,False,2.0,0.0,0.0,0.0
1193,0.999999999999994,4028,9368,65,3963,9303,4093,9433,130,130,0,1,Mix,False,0.0,0.0,0.0,0.0
1194,0.9999999999999896,2100,9373,69,2031,9304,2169,9442,138,138,0,1,Mix,False,2.0,0.0,0.0,0.0
1195,0.9999999999999896,5043,9376,70,4973,9306,5113,9446,140,140,0,1,Mix,False,2.0,0.0,2.0,0.0
1196,0.9999999999999896,4778,9379,70,4708,9309,4848,9449,140,140,0,1,Mix,False,3.0,0.0,0.0,0.0
1197,0.9999999999999896,1596,9387,69,1527,9318,1665,9456,138,138,0,1,Mix,False,1.0,0.0,0.0,0.0
1198,0.9924999999999898,5312,9397,70,5242,9327,5382,9467,140,140,0,1,Mix,False,2.0,0.0,0.0,0.0
1199,0.9999999999999896,4385,9398,70,4315,9328,4455,9468,140,140,0,1,Mix,False,0.0,0.0,0.0,0.0
1200,0.9999999999999896,3655,9405,69,3586,9336,3724,9474,138,138,0,1,Mix,False,0.0,0.0,0.0,0.0
1201,0.8510638297872303,5557,9407,65,5492,9342,5622,9472,130,130,0,1,Mix,True,0.0,0.0,0.0,0.0
1202,0.9999999999999928,2244,9408,68,2176,9340,2312,9476,136,136,0,1,Mix,False,4.0,0.0,0.0,0.0
1203,0.9949999999999898,3064,9412,69,2995,9343,3133,9481,138,138,0,1,Mix,False,1.0,0.0,0.0,0.0
1204,0.9999999999999896,3385,9420,69,3316,9351,3454,9489,138,138,0,1,Mix,False,0.0,0.0,0.0,0.0
1205,0.999999999999994,3903,9422,65,3838,9357,3968,9487,130,130,0,1,Mix,False,0.0,0.0,0.0,0.0
1206,0.9999999999999896,2819,9423,69,2750,9354,2888,9492,138,138,0,1,Mix,False,2.0,0.0,0.0,0.0
1207,0.9999999999999896,4158,9428,69,4089,9359,4227,9497,138,138,0,1,Mix,False,0.0,0.0,0.0,0.0
1208,0.9999999999999896,1740,9429,69,1671,9360,1809,9498,138,138,0,1,Mix,False,0.0,0.0,0.0,0.0
1209,0.9999999999999896,2388,9446,69,2319,9377,2457,9515,138,138,0,1,Mix,False,1.0,0.0,0.0,0.0
1210,0.9999999999999896,4648,9451,70,4578,9381,4718,9521,140,140,0,1,Mix,True,3.0,0.0,0.0,0.0
1211,0.9999999999999896,4918,9455,70,4848,9385,4988,9525,140,140,0,1,Mix,False,2.0,0.0,0.0,0.0
1212,0.9999999999999896,1884,9468,69,1815,9399,1953,9537,138,138,0,1,Mix,False,2.0,0.0,0.0,0.0
1213,0.9999999999999896,5182,9471,69,5113,9402,5251,9540,138,138,0,1,Mix,False,1.0,0.0,0.0,0.0
1214,0.9999999999999896,3246,9476,70,3176,9406,3316,9546,140,140,0,1,Mix,False,2.0,0.0,0.0,0.0
1215,0.9999999999999896,2540,9478,69,2471,9409,2609,9547,138,138,0,1,Mix,False,0.0,0.0,0.0,0.0
1216,0.9999999999999896,3518,9487,69,3449,9418,3587,9556,138,138,0,1,Mix,False,0.0,0.0,0.0,0.0
1217,0.9999999999999896,3778,9488,69,3709,9419,3847,9557,138,138,0,1,Mix,False,0.0,0.0,0.0,0.0
1218,0.9999999999999896,4504,9488,70,4434,9418,4574,9558,140,140,0,1,Mix,False,1.0,0.0,0.0,0.0
1219,0.9999999999999928,1494,9496,68,1426,9428,1562,9564,136,136,0,1,Mix,False,3.0,0.0,0.0,0.0
1220,0.9999999999999896,2688,9496,69,2619,9427,2757,9565,138,138,0,1,Mix,False,0.0,1.0,0.0,0.0
1221,0.9999999999999896,2946,9502,70,2876,9432,3016,9572,140,140,0,1,Mix,False,2.0,0.0,0.0,0.0
1222,0.9999999999999896,2029,9504,69,1960,9435,2098,9573,138,138,0,1,Mix,False,2.0,0.0,0.0,0.0
1223,0.9999999999999896,4284,9508,70,4214,9438,4354,9578,140,140,0,1,Mix,False,0.0,0.0,0.0,0.0
1224,0.9999999999999896,4021,9510,69,3952,9441,4090,9579,138,138,0,1,Mix,False,0.0,0.0,0.0,0.0
1225,0.98749999999999,4788,9527,69,4719,9458,4857,9596,138,138,0,1,Mix,False,0.0,0.0,0.0,0.0
1226,0.9999999999999896,5046,9531,70,4976,9461,5116,9601,140,140,0,1,Mix,False,1.0,0.0,0.0,0.0
1227,0.9999999999999896,1638,9538,69,1569,9469,1707,9607,138,138,0,1,Mix,False,0.0,0.0,0.0,0.0
1228,0.9999999999999896,2174,9540,69,2105,9471,2243,9609,138,138,0,1,Mix,False,1.0,0.0,0.0,0.0
1229,0.9749999999999902,5312,9547,70,5242,9477,5382,9617,140,140,0,1,Mix,False,3.0,0.0,0.0,0.0
1230,0.8723404255319108,5557,9553,65,5492,9488,5622,9618,130,130,0,1,Mix,True,0.0,0.0,0.0,0.0
1231,0.9949999999999898,3106,9555,69,3037,9486,3175,9624,138,138,0,1,Mix,False,2.0,0.0,1.0,0.0
1232,0.9999999999999896,3648,9559,69,3579,9490,3717,9628,138,138,0,1,Mix,False,3.0,0.0,0.0,0.0
1233,0.9999999999999896,3377,9569,69,3308,9500,3446,9638,138,138,0,1,Mix,False,1.0,0.0,0.0,0.0
1234,0.9999999999999896,2815,9575,69,2746,9506,2884,9644,138,138,0,1,Mix,False,2.0,0.0,0.0,0.0
1235,0.9999999999999896,1781,9577,69,1712,9508,1850,9646,138,138,0,1,Mix,False,2.0,0.0,0.0,0.0
1236,0.9999999999999896,2318,9579,69,2249,9510,2387,9648,138,138,0,1,Mix,False,2.0,0.0,0.0,0.0
1237,0.9999999999999896,4152,9582,69,4083,9513,4221,9651,138,138,0,1,Mix,False,2.0,0.0,0.0,0.0
1238,0.9999999999999896,3891,9584,69,3822,9515,3960,9653,138,138,0,1,Mix,False,1.0,0.0,0.0,0.0
1239,0.9999999999999896,4402,9598,70,4332,9528,4472,9668,140,140,0,1,Mix,False,2.0,0.0,1.0,0.0
1240,0.9999999999999896,4658,9600,70,4588,9530,4728,9670,140,140,0,1,Mix,False,0.0,0.0,0.0,0.0
1241,0.9999999999999896,4916,9604,70,4846,9534,4986,9674,140,140,0,1,Mix,False,1.0,0.0,0.0,0.0
1242,0.9999999999999896,2464,9608,69,2395,9539,2533,9677,138,138,0,1,Mix,False,0.0,0.0,0.0,0.0
1243,0.9999999999999896,1926,9614,69,1857,9545,1995,9683,138,138,0,1,Mix,False,0.0,0.0,0.0,0.0
1244,0.9999999999999896,3238,9625,69,3169,9556,3307,9694,138,138,0,1,Mix,False,2.0,0.0,0.0,0.0
1245,0.8799999999999922,5446,9627,70,5376,9557,5516,9697,140,140,0,1,Mix,True,1.0,0.0,0.0,0.0
1246,0.9999999999999896,3510,9636,69,3441,9567,3579,9705,138,138,0,1,Mix,False,0.0,0.0,0.0,0.0
1247,0.9999999999999896,2684,9646,69,2615,9577,2753,9715,138,138,0,1,Mix,False,2.0,0.0,0.0,0.0
1248,0.9999999999999896,1536,9648,69,1467,9579,1605,9717,138,138,0,1,Mix,False,2.0,0.0,0.0,0.0
1249,0.9999999999999896,2072,9648,69,2003,9579,2141,9717,138,138,0,1,Mix,False,1.0,0.0,0.0,0.0
1250,0.9999999999999896,2948,9651,69,2879,9582,3017,9720,138,138,0,1,Mix,False,0.0,1.0,0.0,0.0
1251,0.9999999999999896,3761,9656,69,3692,9587,3830,9725,138,138,0,1,Mix,False,2.0,0.0,0.0,0.0
1252,0.9999999999999896,4020,9660,69,3951,9591,4089,9729,138,138,0,1,Mix,False,2.0,0.0,1.0,0.0
1253,0.9999999999999896,4272,9668,69,4203,9599,4341,9737,138,138,0,1,Mix,False,1.0,0.0,0.0,0.0
1254,0.9999999999999896,4529,9674,70,4459,9604,4599,9744,140,140,0,1,Mix,False,2.0,0.0,0.0,0.0
1255,0.9999999999999896,4786,9678,70,4716,9608,4856,9748,140,140,0,1,Mix,False,2.0,0.0,0.0,0.0
1256,0.9999999999999896,5043,9681,69,4974,9612,5112,9750,138,138,0,1,Mix,False,1.0,0.0,0.0,0.0
1257,0.8224999999999935,2217,9689,70,2147,9619,2287,9759,140,140,0,1,Mix,False,2.0,0.0,0.0,0.0
1258,0.8574999999999927,1680,9690,70,1610,9620,1750,9760,140,140,0,1,Mix,False,2.0,0.0,0.0,0.0
1259,0.9999999999999896,5313,9696,70,5243,9626,5383,9766,140,140,0,1,Mix,False,3.0,0.0,0.0,0.0
1260,0.8909574468085063,5557,9696,65,5492,9631,5622,9761,130,130,0,1,Mix,True,0.0,0.0,0.0,0.0
1261,0.999999999999994,3083,9697,65,3018,9632,3148,9762,130,130,0,1,Mix,False,1.0,1.0,1.0,0.0
1262,0.7449999999999951,3369,9720,70,3299,9650,3439,9790,140,140,0,1,Mix,False,1.0,0.0,0.0,0.0
1263,0.7374999999999953,1826,9725,70,1756,9655,1896,9795,140,140,0,1,Mix,False,2.0,0.0,0.0,0.0
1264,0.9999999999999896,2817,9726,69,2748,9657,2886,9795,138,138,0,1,Mix,False,2.0,0.0,0.0,0.0
1265,0.7549999999999949,2558,9727,70,2488,9657,2628,9797,140,140,0,1,Mix,False,1.0,0.0,0.0,0.0
1266,0.9999999999999896,3628,9727,70,3558,9657,3698,9797,140,140,0,1,Mix,False,2.0,0.0,0.0,0.0
1267,0.98999999999999,3888,9735,69,3819,9666,3957,9804,138,138,0,1,Mix,False,1.0,0.0,0.0,0.0
1268,0.9999999999999928,4144,9742,68,4076,9674,4212,9810,136,136,0,1,Mix,False,1.0,0.0,1.0,0.0
1269,0.9999999999999896,4398,9746,70,4328,9676,4468,9816,140,140,0,1,Mix,False,2.0,0.0,0.0,0.0
1270,0.9999999999999896,4657,9751,70,4587,9681,4727,9821,140,140,0,1,Mix,False,1.0,0.0,0.0,0.0
1271,0.9999999999999896,4915,9754,70,4845,9684,4985,9824,140,140,0,1,Mix,False,2.0,0.0,0.0,0.0
1272,0.9999999999999896,3208,9770,69,3139,9701,3277,9839,138,138,0,1,Mix,False,1.0,0.0,0.0,0.0
1273,0.9999999999999896,5184,9771,70,5114,9701,5254,9841,140,140,0,1,Mix,False,4.0,0.0,0.0,0.0
1274,0.98999999999999,3496,9797,69,3427,9728,3565,9866,138,138,0,1,Mix,False,1.0,0.0,0.0,0.0
1275,0.9999999999999896,2972,9799,70,2902,9729,3042,9869,140,140,0,1,Mix,False,2.0,0.0,0.0,0.0
1276,0.9999999999999896,2687,9800,69,2618,9731,2756,9869,138,138,0,1,Mix,False,2.0,0.0,0.0,0.0
1277,0.7579787234042529,1578,9806,65,1513,9741,1643,9871,130,130,0,1,Mix,False,1.0,0.0,0.0,0.0
1278,0.9999999999999896,3754,9807,70,3684,9737,3824,9877,140,140,0,1,Mix,False,1.0,0.0,0.0,0.0
1279,0.8499999999999929,2102,9811,70,2032,9741,2172,9881,140,140,0,1,Mix,False,2.0,0.0,0.0,0.0
1280,0.9923469387755032,4013,9813,68,3945,9745,4081,9881,136,136,0,1,Mix,False,1.0,0.0,0.0,0.0
1281,0.9999999999999928,4270,9819,68,4202,9751,4338,9887,136,136,0,1,Mix,False,0.0,0.0,0.0,0.0
1282,0.9999999999999896,4527,9824,69,4458,9755,4596,9893,138,138,0,1,Mix,False,2.0,0.0,0.0,0.0
1283,0.9999999999999896,4787,9828,70,4717,9758,4857,9898,140,140,0,1,Mix,False,2.0,0.0,0.0,0.0
1284,0.9999999999999896,5047,9831,69,4978,9762,5116,9900,138,138,0,1,Mix,False,0.0,0.0,0.0,0.0
1285,0.9999999999999896,2270,9841,70,2200,9771,2340,9911,140,140,0,1,Mix,False,2.0,0.0,0.0,0.0
1286,0.9999999999999896,5314,9846,69,5245,9777,5383,9915,138,138,0,1,Mix,False,1.0,0.0,0.0,0.0
1287,0.8670212765957407,5559,9847,65,5494,9782,5624,9912,130,130,0,1,Mix,True,0.0,0.0,0.0,0.0
1288,0.9999999999999896,2557,9874,69,2488,9805,2626,9943,138,138,0,1,Mix,False,2.0,0.0,1.0,0.0
1289,0.9999999999999896,2841,9874,70,2771,9804,2911,9944,140,140,0,1,Mix,False,1.0,0.0,0.0,0.0
1290,0.9999999999999896,3102,9874,69,3033,9805,3171,9943,138,138,0,1,Mix,False,2.0,0.0,0.0,0.0
1291,0.9999999999999896,3359,9877,69,3290,9808,3428,9946,138,138,0,1,Mix,False,2.0,0.0,0.0,0.0
1292,0.9999999999999896,3620,9877,69,3551,9808,3689,9946,138,138,0,1,Mix,False,2.0,0.0,0.0,0.0
1293,0.9999999999999896,3881,9885,69,3812,9816,3950,9954,138,138,0,1,Mix,False,0.0,1.0,0.0,0.0
1294,0.9948979591836664,4140,9891,68,4072,9823,4208,9959,136,136,0,1,Mix,False,2.0,0.0,0.0,0.0
1295,0.9999999999999896,4398,9896,69,4329,9827,4467,9965,138,138,0,1,Mix,False,1.0,0.0,0.0,0.0
1296,0.9999999999999896,2410,9897,70,2340,9827,2480,9967,140,140,0,1,Mix,False,0.0,0.0,0.0,0.0
1297,0.9999999999999896,1890,9898,69,1821,9829,1959,9967,138,138,0,1,Mix,False,2.0,0.0,0.0,0.0
1298,0.9999999999999896,4657,9902,69,4588,9833,4726,9971,138,138,0,1,Mix,False,1.0,0.0,0.0,0.0
1299,0.9999999999999896,4916,9904,69,4847,9835,4985,9973,138,138,0,1,Mix,False,2.0,0.0,0.0,0.0
1300,0.9999999999999928,5185,9920,68,5117,9852,5253,9988,136,136,0,1,Mix,False,2.0,0.0,0.0,0.0
1301,0.7999999999999939,5446,9922,70,5376,9852,5516,9992,140,140,0,1,Mix,True,3.0,0.0,0.0,0.0
1302,0.9999999999999896,1616,9946,69,1547,9877,1685,10015,138,138,0,1,Mix,False,3.0,1.0,0.0,0.0
1303,0.9999999999999896,2164,9948,70,2094,9878,2234,10018,140,140,0,1,Mix,False,4.0,0.0,0.0,0.0
1304,0.9999999999999896,2710,9948,69,2641,9879,2779,10017,138,138,0,1,Mix,False,2.0,0.0,0.0,0.0
1305,0.9999999999999896,2971,9950,69,2902,9881,3040,10019,138,138,0,1,Mix,False,0.0,0.0,0.0,0.0
1306,0.9999999999999896,3490,9950,69,3421,9881,3559,10019,138,138,0,1,Mix,False,2.0,0.0,0.0,0.0
1307,0.9999999999999896,3230,9952,69,3161,9883,3299,10021,138,138,0,1,Mix,False,2.0,0.0,0.0,0.0
1308,0.9999999999999928,3751,9957,68,3683,9889,3819,10025,136,136,0,1,Mix,False,2.0,0.0,0.0,0.0
1309,0.9999999999999896,4009,9963,69,3940,9894,4078,10032,138,138,0,1,Mix,False,2.0,0.0,0.0,0.0
1310,0.9999999999999896,4268,9968,69,4199,9899,4337,10037,138,138,0,1,Mix,False,1.0,0.0,0.0,0.0
1311,0.9999999999999896,4526,9972,69,4457,9903,4595,10041,138,138,0,1,Mix,False,1.0,0.0,0.0,0.0
1312,0.9999999999999896,2018,9974,70,1948,9904,2088,10044,140,140,0,1,Mix,False,2.0,0.0,0.0,0.0
1313,0.9999999999999896,4786,9978,69,4717,9909,4855,10047,138,138,0,1,Mix,False,2.0,0.0,0.0,0.0
1314,0.9999999999999896,5314,9994,69,5245,9925,5383,10063,138,138,0,1,Mix,False,2.0,0.0,0.0,0.0
1315,0.8909574468085063,5557,9997,65,5492,9932,5622,10062,130,130,0,1,Mix,True,0.0,0.0,0.0,0.0
1316,0.9999999999999896,1795,10013,70,1725,9943,1865,10083,140,140,0,1,Mix,False,2.0,0.0,0.0,0.0
1317,0.9999999999999896,2320,10017,69,2251,9948,2389,10086,138,138,0,1,Mix,False,2.0,0.0,0.0,0.0
1318,0.9999999999999896,2580,10022,70,2510,9952,2650,10092,140,140,0,1,Mix,False,2.0,0.0,0.0,0.0
1319,0.9999999999999896,2840,10024,70,2770,9954,2910,10094,140,140,0,1,Mix,False,3.0,0.0,0.0,0.0
1320,0.9999999999999896,3100,10026,70,3030,9956,3170,10096,140,140,0,1,Mix,False,2.0,0.0,1.0,0.0
1321,0.9999999999999896,3359,10028,69,3290,9959,3428,10097,138,138,0,1,Mix,False,2.0,0.0,0.0,0.0
1322,0.8524999999999928,3619,10029,70,3549,9959,3689,10099,140,140,0,1,Mix,False,2.0,0.0,0.0,0.0
1323,0.9999999999999896,3878,10035,69,3809,9966,3947,10104,138,138,0,1,Mix,False,0.0,0.0,0.0,0.0
1324,0.9974489795918297,4137,10040,68,4069,9972,4205,10108,136,136,0,1,Mix,False,2.0,1.0,1.0,0.0
1325,0.9949999999999898,4396,10045,69,4327,9976,4465,10114,138,138,0,1,Mix,False,2.0,0.0,0.0,0.0
1326,0.9999999999999896,4656,10052,69,4587,9983,4725,10121,138,138,0,1,Mix,False,1.0,0.0,0.0,0.0
1327,0.9999999999999896,4914,10054,69,4845,9985,4983,10123,138,138,0,1,Mix,False,2.0,0.0,0.0,0.0
1328,0.9999999999999896,5182,10068,69,5113,9999,5251,10137,138,138,0,1,Mix,False,2.0,0.0,0.0,0.0
1329,0.7874999999999942,5444,10070,70,5374,10000,5514,10140,140,140,0,1,Mix,True,2.0,0.0,0.0,0.0
1330,0.9999999999999896,1665,10087,70,1595,10017,1735,10157,140,140,0,1,Mix,False,2.0,0.0,0.0,0.0
1331,0.9999999999999896,1924,10088,69,1855,10019,1993,10157,138,138,0,1,Mix,False,2.0,0.0,0.0,0.0
1332,0.9974999999999896,2449,10094,69,2380,10025,2518,10163,138,138,0,1,Mix,False,1.0,0.0,0.0,0.0
1333,0.9999999999999896,2187,10095,70,2117,10025,2257,10165,140,140,0,1,Mix,False,0.0,1.0,0.0,0.0
1334,0.9999999999999896,2708,10097,70,2638,10027,2778,10167,140,140,0,1,Mix,False,1.0,0.0,0.0,0.0
1335,0.9999999999999896,2970,10099,69,2901,10030,3039,10168,138,138,0,1,Mix,False,2.0,0.0,0.0,0.0
1336,0.9999999999999928,3229,10101,68,3161,10033,3297,10169,136,136,0,1,Mix,False,2.0,0.0,0.0,0.0
1337,0.9999999999999896,3488,10104,69,3419,10035,3557,10173,138,138,0,1,Mix,False,2.0,0.0,0.0,0.0
1338,0.9999999999999896,3747,10108,69,3678,10039,3816,10177,138,138,0,1,Mix,False,2.0,0.0,0.0,0.0
1339,0.9999999999999896,4006,10112,69,3937,10043,4075,10181,138,138,0,1,Mix,False,2.0,0.0,0.0,0.0
1340,0.9999999999999896,4266,10117,69,4197,10048,4335,10186,138,138,0,1,Mix,False,2.0,0.0,0.0,0.0
1341,0.9999999999999896,4525,10121,69,4456,10052,4594,10190,138,138,0,1,Mix,False,2.0,0.0,0.0,0.0
1342,0.9999999999999896,4785,10128,69,4716,10059,4854,10197,138,138,0,1,Mix,False,1.0,0.0,0.0,0.0
1343,0.9974999999999896,5049,10135,69,4980,10066,5118,10204,138,138,0,1,Mix,False,4.0,0.0,0.0,0.0
1344,0.9999999999999896,5312,10143,69,5243,10074,5381,10212,138,138,0,1,Mix,False,0.0,0.0,0.0,0.0
1345,0.8829787234042511,5557,10144,65,5492,10079,5622,10209,130,130,0,1,Mix,True,0.0,0.0,0.0,0.0
1346,0.9999999999999896,1794,10162,70,1724,10092,1864,10232,140,140,0,1,Mix,False,2.0,0.0,0.0,0.0
1347,0.9999999999999896,2318,10166,70,2248,10096,2388,10236,140,140,0,1,Mix,False,4.0,0.0,0.0,0.0
1348,0.9999999999999896,2057,10168,70,1987,10098,2127,10238,140,140,0,1,Mix,False,1.0,0.0,0.0,0.0
1349,0.9999999999999896,2578,10171,69,2509,10102,2647,10240,138,138,0,1,Mix,False,1.0,0.0,0.0,0.0
1350,0.9999999999999896,2838,10173,70,2768,10103,2908,10243,140,140,0,1,Mix,False,2.0,0.0,0.0,0.0
1351,0.9999999999999896,3098,10175,69,3029,10106,3167,10244,138,138,0,1,Mix,False,2.0,0.0,0.0,0.0
1352,0.9999999999999896,3357,10177,69,3288,10108,3426,10246,138,138,0,1,Mix,False,2.0,0.0,0.0,0.0
1353,0.9999999999999928,3616,10180,68,3548,10112,3684,10248,136,136,0,1,Mix,False,2.0,0.0,0.0,0.0
1354,0.9999999999999896,3876,10185,69,3807,10116,3945,10254,138,138,0,1,Mix,False,2.0,0.0,0.0,0.0
1355,0.9999999999999928,4134,10189,68,4066,10121,4202,10257,136,136,0,1,Mix,False,2.0,0.0,0.0,0.0
1356,0.9999999999999896,4395,10194,70,4325,10124,4465,10264,140,140,0,1,Mix,False,2.0,0.0,0.0,0.0
1357,0.9999999999999896,4656,10201,69,4587,10132,4725,10270,138,138,0,1,Mix,False,2.0,0.0,0.0,0.0
1358,0.9999999999999896,4916,10202,69,4847,10133,4985,10271,138,138,0,1,Mix,False,2.0,0.0,0.0,0.0
1359,0.9999999999999896,5181,10216,69,5112,10147,5250,10285,138,138,0,1,Mix,False,1.0,0.0,0.0,0.0
1360,0.8049999999999938,5445,10218,70,5375,10148,5515,10288,140,140,0,1,Mix,True,1.0,0.0,0.0,0.0
1361,0.9999999999999896,1665,10236,70,1595,10166,1735,10306,140,140,0,1,Mix,False,2.0,0.0,1.0,0.0
1362,0.98999999999999,1924,10237,69,1855,10168,1993,10306,138,138,0,1,Mix,False,2.0,0.0,0.0,0.0
1363,0.9999999999999896,2447,10243,69,2378,10174,2516,10312,138,138,0,1,Mix,False,1.0,0.0,0.0,0.0
1364,0.9949999999999898,2185,10245,69,2116,10176,2254,10314,138,138,0,1,Mix,False,0.0,0.0,0.0,0.0
1365,0.9999999999999896,2708,10247,69,2639,10178,2777,10316,138,138,0,1,Mix,False,1.0,0.0,0.0,0.0
1366,0.98999999999999,2969,10249,69,2900,10180,3038,10318,138,138,0,1,Mix,False,2.0,0.0,0.0,0.0
1367,0.9999999999999896,3228,10251,69,3159,10182,3297,10320,138,138,0,1,Mix,False,2.0,1.0,1.0,0.0
1368,0.9999999999999896,3486,10254,69,3417,10185,3555,10323,138,138,0,1,Mix,False,2.0,0.0,0.0,0.0
1369,0.9999999999999896,3745,10258,69,3676,10189,3814,10327,138,138,0,1,Mix,False,2.0,1.0,1.0,0.0
1370,0.9999999999999896,4004,10262,69,3935,10193,4073,10331,138,138,0,1,Mix,False,1.0,0.0,0.0,0.0
1371,0.9999999999999896,4264,10266,70,4194,10196,4334,10336,140,140,0,1,Mix,False,1.0,0.0,0.0,0.0
1372,0.9974999999999896,4523,10270,69,4454,10201,4592,10339,138,138,0,1,Mix,False,2.0,0.0,0.0,0.0
1373,0.9999999999999896,4784,10277,69,4715,10208,4853,10346,138,138,0,1,Mix,False,1.0,0.0,0.0,0.0
1374,0.9999999999999896,5048,10284,69,4979,10215,5117,10353,138,138,0,1,Mix,False,0.0,0.0,0.0,0.0
1375,0.9999999999999896,5313,10291,69,5244,10222,5382,10360,138,138,0,1,Mix,False,2.0,0.0,0.0,0.0
1376,0.84042553191489,5555,10297,65,5490,10232,5620,10362,130,130,0,1,Mix,True,0.0,0.0,0.0,0.0
1377,0.9999999999999896,1795,10312,69,1726,10243,1864,10381,138,138,0,1,Mix,False,1.0,0.0,0.0,0.0
1378,0.9999999999999896,2316,10316,70,2246,10246,2386,10386,140,140,0,1,Mix,False,0.0,1.0,0.0,0.0
1379,0.999999999999994,2067,10320,65,2002,10255,2132,10385,130,130,0,1,Mix,False,2.0,0.0,0.0,0.0
1380,0.9999999999999896,2577,10320,70,2507,10250,2647,10390,140,140,0,1,Mix,False,2.0,0.0,0.0,0.0
1381,0.98749999999999,2837,10323,69,2768,10254,2906,10392,138,138,0,1,Mix,False,2.0,0.0,0.0,0.0
1382,0.9999999999999928,3098,10324,68,3030,10256,3166,10392,136,136,0,1,Mix,False,1.0,0.0,0.0,0.0
1383,0.9999999999999896,3356,10327,69,3287,10258,3425,10396,138,138,0,1,Mix,False,2.0,0.0,0.0,0.0
1384,0.9999999999999896,3614,10329,69,3545,10260,3683,10398,138,138,0,1,Mix,False,2.0,1.0,0.0,0.0
1385,0.9999999999999928,3874,10334,68,3806,10266,3942,10402,136,136,0,1,Mix,False,2.0,0.0,0.0,0.0
1386,0.9999999999999896,4132,10338,69,4063,10269,4201,10407,138,138,0,1,Mix,False,0.0,0.0,0.0,0.0
1387,0.9999999999999896,4393,10343,69,4324,10274,4462,10412,138,138,0,1,Mix,False,0.0,0.0,0.0,0.0
1388,0.999999999999994,4658,10344,65,4593,10279,4723,10409,130,130,0,1,Mix,False,1.0,0.0,0.0,0.0
1389,0.9999999999999896,4914,10350,69,4845,10281,4983,10419,138,138,0,1,Mix,False,2.0,0.0,0.0,0.0
1390,0.9999999999999896,5182,10364,69,5113,10295,5251,10433,138,138,0,1,Mix,False,0.0,0.0,0.0,0.0
1391,0.9199999999999914,5445,10367,70,5375,10297,5515,10437,140,140,0,1,Mix,False,1.0,0.0,0.0,0.0
1392,0.9999999999999896,1936,10386,70,1866,10316,2006,10456,140,140,0,1,Mix,False,4.0,0.0,0.0,0.0
1393,0.999999999999994,2192,10389,65,2127,10324,2257,10454,130,130,0,1,Mix,False,1.0,0.0,0.0,0.0
1394,0.9999999999999896,2445,10392,70,2375,10322,2515,10462,140,140,0,1,Mix,False,0.0,0.0,0.0,0.0
1395,0.9999999999999928,2706,10395,68,2638,10327,2774,10463,136,136,0,1,Mix,False,1.0,0.0,0.0,0.0
1396,0.9999999999999896,2967,10398,69,2898,10329,3036,10467,138,138,0,1,Mix,False,0.0,1.0,0.0,0.0
1397,0.9999999999999896,3226,10400,69,3157,10331,3295,10469,138,138,0,1,Mix,False,2.0,0.0,0.0,0.0
1398,0.9999999999999896,3484,10403,69,3415,10334,3553,10472,138,138,0,1,Mix,False,0.0,1.0,0.0,0.0
1399,0.999999999999994,4004,10406,65,3939,10341,4069,10471,130,130,0,1,Mix,False,2.0,0.0,0.0,0.0
1400,0.9999999999999928,3744,10407,68,3676,10339,3812,10475,136,136,0,1,Mix,False,2.0,0.0,1.0,0.0
1401,0.9999999999999896,4530,10418,69,4461,10349,4599,10487,138,138,0,1,Mix,False,0.0,0.0,0.0,0.0
1402,0.999999999999994,4276,10423,65,4211,10358,4341,10488,130,130,0,1,Mix,False,3.0,0.0,0.0,0.0
1403,0.999999999999994,4793,10426,65,4728,10361,4858,10491,130,130,0,1,Mix,False,1.0,0.0,0.0,0.0
1404,0.9999999999999896,5052,10433,69,4983,10364,5121,10502,138,138,0,1,Mix,False,2.0,0.0,0.0,0.0
1405,0.9999999999999896,5312,10440,69,5243,10371,5381,10509,138,138,0,1,Mix,False,0.0,0.0,0.0,0.0
1406,0.8457446808510601,5555,10444,65,5490,10379,5620,10509,130,130,0,1,Mix,True,0.0,0.0,0.0,0.0
1407,0.98749999999999,1807,10460,69,1738,10391,1876,10529,138,138,0,1,Mix,False,3.0,0.0,0.0,0.0
1408,0.9999999999999896,2066,10460,70,1996,10390,2136,10530,140,140,0,1,Mix,False,0.0,1.0,0.0,0.0
1409,0.9999999999999896,2314,10466,70,2244,10396,2384,10536,140,140,0,1,Mix,False,0.0,0.0,1.0,0.0
1410,0.9999999999999896,2572,10469,69,2503,10400,2641,10538,138,138,0,1,Mix,False,1.0,0.0,0.0,0.0
1411,0.9999999999999942,3096,10471,67,3029,10404,3163,10538,134,134,0,1,Mix,False,2.0,0.0,0.0,0.0
1412,0.9974999999999896,2833,10472,69,2764,10403,2902,10541,138,138,0,1,Mix,False,2.0,0.0,0.0,0.0
1413,0.9999999999999896,3354,10476,69,3285,10407,3423,10545,138,138,0,1,Mix,False,2.0,0.0,0.0,0.0
1414,0.9999999999999896,3614,10479,69,3545,10410,3683,10548,138,138,0,1,Mix,False,0.0,0.0,0.0,0.0
1415,0.9999999999999928,3883,10483,68,3815,10415,3951,10551,136,136,0,1,Mix,False,2.0,0.0,0.0,0.0
1416,0.9999999999999896,4663,10486,70,4593,10416,4733,10556,140,140,0,1,Mix,False,1.0,0.0,0.0,0.0
1417,0.9999999999999928,4141,10487,68,4073,10419,4209,10555,136,136,0,1,Mix,False,0.0,0.0,0.0,0.0
1418,0.9999999999999896,4400,10491,70,4330,10421,4470,10561,140,140,0,1,Mix,False,2.0,0.0,0.0,0.0
1419,0.9999999999999896,4918,10498,69,4849,10429,4987,10567,138,138,0,1,Mix,False,3.0,0.0,0.0,0.0
1420,0.9999999999999896,5182,10511,69,5113,10442,5251,10580,138,138,0,1,Mix,False,2.0,0.0,1.0,0.0
1421,0.8649999999999926,5445,10515,70,5375,10445,5515,10585,140,140,0,1,Mix,False,4.0,0.0,0.0,0.0
1422,0.9999999999999896,1936,10536,70,1866,10466,2006,10606,140,140,0,1,Mix,False,0.0,4.0,0.0,0.0
1423,0.9999999999999896,2443,10542,69,2374,10473,2512,10611,138,138,0,1,Mix,False,2.0,0.0,0.0,0.0
1424,0.9999999999999896,2702,10545,69,2633,10476,2771,10614,138,138,0,1,Mix,False,1.0,0.0,0.0,0.0
1425,0.9949999999999898,2189,10546,69,2120,10477,2258,10615,138,138,0,1,Mix,False,2.0,0.0,0.0,0.0
1426,0.9999999999999896,2962,10547,69,2893,10478,3031,10616,138,138,0,1,Mix,False,0.0,1.0,0.0,0.0
1427,0.9999999999999896,3224,10550,69,3155,10481,3293,10619,138,138,0,1,Mix,False,0.0,0.0,0.0,0.0
1428,0.9999999999999896,3483,10552,69,3414,10483,3552,10621,138,138,0,1,Mix,False,2.0,0.0,0.0,0.0
1429,0.9948979591836664,3753,10556,68,3685,10488,3821,10624,136,136,0,1,Mix,False,2.0,0.0,0.0,0.0
1430,0.9999999999999928,4011,10559,68,3943,10491,4079,10627,136,136,0,1,Mix,False,2.0,0.0,0.0,0.0
1431,0.9999999999999896,4270,10564,69,4201,10495,4339,10633,138,138,0,1,Mix,False,1.0,0.0,0.0,0.0
1432,0.9999999999999896,4529,10566,69,4460,10497,4598,10635,138,138,0,1,Mix,False,2.0,0.0,0.0,0.0
1433,0.9999999999999896,4788,10569,69,4719,10500,4857,10638,138,138,0,1,Mix,False,2.0,0.0,0.0,0.0
1434,0.9999999999999896,5051,10582,69,4982,10513,5120,10651,138,138,0,1,Mix,False,1.0,0.0,0.0,0.0
1435,0.8351063829787199,5554,10584,65,5489,10519,5619,10649,130,130,0,1,Mix,True,0.0,0.0,0.0,0.0
1436,0.9999999999999896,5312,10588,69,5243,10519,5381,10657,138,138,0,1,Mix,False,2.0,1.0,0.0,0.0
1437,0.9999999999999896,2571,10618,69,2502,10549,2640,10687,138,138,0,1,Mix,False,1.0,0.0,0.0,0.0
1438,0.9999999999999896,3093,10619,69,3024,10550,3162,10688,138,138,0,1,Mix,False,0.0,1.0,0.0,0.0
1439,0.9999999999999896,2060,10620,70,1990,10550,2130,10690,140,140,0,1,Mix,False,3.0,0.0,1.0,0.0
1440,0.9999999999999896,2831,10621,70,2761,10551,2901,10691,140,140,0,1,Mix,False,2.0,0.0,0.0,0.0
1441,0.9999999999999896,2317,10623,70,2247,10553,2387,10693,140,140,0,1,Mix,False,0.0,0.0,0.0,0.0
1442,0.9999999999999896,3354,10626,69,3285,10557,3423,10695,138,138,0,1,Mix,False,2.0,0.0,0.0,0.0
1443,0.9999999999999896,3622,10628,69,3553,10559,3691,10697,138,138,0,1,Mix,False,2.0,0.0,0.0,0.0
1444,0.9999999999999928,3881,10632,68,3813,10564,3949,10700,136,136,0,1,Mix,False,2.0,0.0,0.0,0.0
1445,0.9999999999999928,4139,10636,68,4071,10568,4207,10704,136,136,0,1,Mix,False,0.0,0.0,0.0,0.0
1446,0.9999999999999896,4398,10641,70,4328,10571,4468,10711,140,140,0,1,Mix,False,1.0,0.0,0.0,0.0
1447,0.9999999999999896,4657,10642,69,4588,10573,4726,10711,138,138,0,1,Mix,False,2.0,0.0,0.0,0.0
1448,0.9999999999999896,4917,10647,69,4848,10578,4986,10716,138,138,0,1,Mix,False,0.0,0.0,0.0,0.0
1449,0.9999999999999896,5181,10660,69,5112,10591,5250,10729,138,138,0,1,Mix,False,2.0,0.0,0.0,0.0
1450,0.9149999999999916,5445,10663,70,5375,10593,5515,10733,140,140,0,1,Mix,False,3.0,0.0,0.0,0.0
1451,0.9999999999999896,2700,10695,69,2631,10626,2769,10764,138,138,0,1,Mix,False,3.0,0.0,0.0,0.0
1452,0.9999999999999896,1931,10696,70,1861,10626,2001,10766,140,140,0,1,Mix,False,2.0,0.0,0.0,0.0
1453,0.9999999999999896,2188,10697,69,2119,10628,2257,10766,138,138,0,1,Mix,False,0.0,1.0,0.0,0.0
1454,0.9999999999999896,2961,10697,69,2892,10628,3030,10766,138,138,0,1,Mix,False,0.0,1.0,0.0,0.0
1455,0.9999999999999896,3224,10698,69,3155,10629,3293,10767,138,138,0,1,Mix,False,0.0,1.0,0.0,0.0
1456,0.9999999999999896,2446,10699,69,2377,10630,2515,10768,138,138,0,1,Mix,False,2.0,0.0,0.0,0.0
1457,0.9999999999999896,3492,10700,69,3423,10631,3561,10769,138,138,0,1,Mix,False,2.0,0.0,0.0,0.0
1458,0.9999999999999928,3750,10704,68,3682,10636,3818,10772,136,136,0,1,Mix,False,2.0,0.0,0.0,0.0
1459,0.9999999999999896,4009,10710,69,3940,10641,4078,10779,138,138,0,1,Mix,False,2.0,0.0,0.0,0.0
1460,0.9999999999999896,4528,10715,69,4459,10646,4597,10784,138,138,0,1,Mix,False,2.0,0.0,0.0,0.0
1461,0.9999999999999896,4786,10718,69,4717,10649,4855,10787,138,138,0,1,Mix,False,2.0,0.0,0.0,0.0
1462,0.9999999999999928,5051,10730,68,4983,10662,5119,10798,136,136,0,1,Mix,False,2.0,0.0,0.0,0.0
1463,0.8271276595744647,5552,10731,65,5487,10666,5617,10796,130,130,0,1,Mix,True,0.0,0.0,0.0,0.0
1464,0.98979591836734,5312,10737,68,5244,10669,5380,10805,136,136,0,1,Mix,False,3.0,0.0,0.0,0.0
1465,0.9999999999999896,3092,10768,69,3023,10699,3161,10837,138,138,0,1,Mix,False,2.0,0.0,0.0,0.0
1466,0.9999999999999896,1802,10771,69,1733,10702,1871,10840,138,138,0,1,Mix,False,0.0,0.0,0.0,0.0
1467,0.9999999999999896,2060,10771,69,1991,10702,2129,10840,138,138,0,1,Mix,False,1.0,0.0,0.0,0.0
1468,0.9999999999999896,2829,10771,69,2760,10702,2898,10840,138,138,0,1,Mix,False,0.0,0.0,0.0,0.0
1469,0.9999999999999928,2318,10773,68,2250,10705,2386,10841,136,136,0,1,Mix,False,0.0,0.0,0.0,1.0
1470,0.9999999999999928,2574,10774,68,2506,10706,2642,10842,136,136,0,1,Mix,False,2.0,0.0,0.0,0.0
1471,0.98979591836734,3362,10774,68,3294,10706,3430,10842,136,136,0,1,Mix,False,2.0,0.0,0.0,0.0
1472,0.9974489795918297,3620,10777,68,3552,10709,3688,10845,136,136,0,1,Mix,False,2.0,0.0,0.0,0.0
1473,0.9999999999999896,3878,10780,69,3809,10711,3947,10849,138,138,0,1,Mix,False,1.0,0.0,0.0,0.0
1474,0.9999999999999928,4138,10785,68,4070,10717,4206,10853,136,136,0,1,Mix,False,1.0,0.0,0.0,0.0
1475,0.9973958333333276,4399,10789,67,4332,10722,4466,10856,134,134,0,1,Mix,False,2.0,0.0,0.0,0.0
1476,0.9999999999999896,4656,10791,69,4587,10722,4725,10860,138,138,0,1,Mix,False,0.0,1.0,0.0,1.0
1477,0.9999999999999896,4918,10796,69,4849,10727,4987,10865,138,138,0,1,Mix,False,0.0,0.0,0.0,0.0
1478,0.9999999999999896,5181,10808,69,5112,10739,5250,10877,138,138,0,1,Mix,False,2.0,0.0,0.0,0.0
1479,0.9199999999999914,5444,10811,70,5374,10741,5514,10881,140,140,0,1,Mix,False,2.0,0.0,0.0,0.0
1480,0.98999999999999,1930,10846,69,1861,10777,1999,10915,138,138,0,1,Mix,False,0.0,3.0,0.0,0.0
1481,0.9999999999999896,2188,10846,69,2119,10777,2257,10915,138,138,0,1,Mix,False,0.0,1.0,0.0,0.0
1482,0.9948979591836664,2959,10846,68,2891,10778,3027,10914,136,136,0,1,Mix,False,2.0,0.0,0.0,0.0
1483,0.9999999999999896,3233,10848,69,3164,10779,3302,10917,138,138,0,1,Mix,False,0.0,1.0,0.0,0.0
1484,0.9974999999999896,2445,10849,69,2376,10780,2514,10918,138,138,0,1,Mix,False,0.0,1.0,0.0,0.0
1485,0.9999999999999896,3490,10850,69,3421,10781,3559,10919,138,138,0,1,Mix,False,3.0,0.0,0.0,0.0
1486,0.9999999999999896,2702,10851,69,2633,10782,2771,10920,138,138,0,1,Mix,False,1.0,0.0,0.0,0.0
1487,0.9999999999999896,3748,10854,69,3679,10785,3817,10923,138,138,0,1,Mix,False,2.0,0.0,0.0,0.0
1488,0.999999999999994,4012,10859,65,3947,10794,4077,10924,130,130,0,1,Mix,False,0.0,0.0,0.0,0.0
1489,0.9999999999999896,4269,10860,69,4200,10791,4338,10929,138,138,0,1,Mix,False,1.0,0.0,0.0,0.0
1490,0.9999999999999928,4527,10864,68,4459,10796,4595,10932,136,136,0,1,Mix,False,0.0,0.0,0.0,0.0
1491,0.9999999999999896,4788,10867,69,4719,10798,4857,10936,138,138,0,1,Mix,False,2.0,0.0,0.0,0.0
1492,0.9999999999999896,5050,10878,69,4981,10809,5119,10947,138,138,0,1,Mix,False,2.0,0.0,0.0,0.0
1493,0.8297872340425497,5552,10880,65,5487,10815,5617,10945,130,130,0,1,Mix,True,0.0,0.0,0.0,0.0
1494,0.9999999999999928,5311,10886,68,5243,10818,5379,10954,136,136,0,1,Mix,False,2.0,0.0,0.0,0.0
1495,0.9999999999999896,2059,10922,69,1990,10853,2128,10991,138,138,0,1,Mix,False,1.0,0.0,0.0,0.0
1496,0.9999999999999896,2316,10924,69,2247,10855,2385,10993,138,138,0,1,Mix,False,0.0,0.0,0.0,0.0
1497,0.9999999999999896,3360,10925,69,3291,10856,3429,10994,138,138,0,1,Mix,False,2.0,0.0,0.0,0.0
1498,0.9999999999999896,2574,10926,69,2505,10857,2643,10995,138,138,0,1,Mix,False,2.0,0.0,0.0,0.0
1499,0.9999999999999896,2832,10926,69,2763,10857,2901,10995,138,138,0,1,Mix,False,2.0,0.0,0.0,0.0
1500,0.9999999999999928,3618,10928,68,3550,10860,3686,10996,136,136,0,1,Mix,False,0.0,1.0,0.0,0.0
1501,0.9999999999999896,3876,10930,69,3807,10861,3945,10999,138,138,0,1,Mix,False,0.0,0.0,0.0,0.0
1502,0.9948979591836664,4138,10935,68,4070,10867,4206,11003,136,136,0,1,Mix,False,0.0,0.0,0.0,0.0
1503,0.9999999999999928,4398,10936,68,4330,10868,4466,11004,136,136,0,1,Mix,False,3.0,0.0,0.0,0.0
1504,0.9999999999999896,4657,10940,69,4588,10871,4726,11009,138,138,0,1,Mix,False,3.0,0.0,0.0,0.0
1505,0.9999999999999896,4917,10945,69,4848,10876,4986,11014,138,138,0,1,Mix,False,3.0,0.0,0.0,0.0
1506,0.9923469387755032,5179,10956,68,5111,10888,5247,11024,136,136,0,1,Mix,False,1.0,0.0,0.0,0.0
1507,0.9649999999999904,5444,10958,70,5374,10888,5514,11028,140,140,0,1,Mix,False,2.0,0.0,1.0,0.0
1508,0.9999999999999896,1930,10998,69,1861,10929,1999,11067,138,138,0,1,Mix,False,2.0,0.0,0.0,0.0
1509,0.9999999999999896,2187,10999,69,2118,10930,2256,11068,138,138,0,1,Mix,False,3.0,0.0,0.0,0.0
1510,0.9999999999999928,3488,11000,68,3420,10932,3556,11068,136,136,0,1,Mix,False,2.0,0.0,0.0,0.0
1511,0.9999999999999896,2444,11001,69,2375,10932,2513,11070,138,138,0,1,Mix,False,2.0,0.0,0.0,0.0
1512,0.9999999999999896,2703,11001,69,2634,10932,2772,11070,138,138,0,1,Mix,False,0.0,0.0,0.0,0.0
1513,0.9999999999999896,3232,11002,69,3163,10933,3301,11071,138,138,0,1,Mix,False,0.0,0.0,0.0,0.0
1514,0.9999999999999896,2959,11004,69,2890,10935,3028,11073,138,138,0,1,Mix,False,0.0,0.0,0.0,0.0
1515,0.9948979591836664,3747,11004,68,3679,10936,3815,11072,136,136,0,1,Mix,False,0.0,0.0,0.0,0.0
1516,0.9999999999999928,4006,11005,68,3938,10937,4074,11073,136,136,0,1,Mix,False,0.0,1.0,0.0,0.0
1517,0.9999999999999896,4268,11009,69,4199,10940,4337,11078,138,138,0,1,Mix,False,2.0,0.0,0.0,0.0
1518,0.9999999999999896,4527,11012,69,4458,10943,4596,11081,138,138,0,1,Mix,False,4.0,0.0,0.0,0.0
1519,0.9999999999999896,4786,11016,69,4717,10947,4855,11085,138,138,0,1,Mix,False,1.0,0.0,0.0,0.0
1520,0.8377659574468049,5552,11027,65,5487,10962,5617,11092,130,130,0,1,Mix,True,0.0,0.0,0.0,0.0
1521,0.9999999999999896,5048,11028,69,4979,10959,5117,11097,138,138,0,1,Mix,False,1.0,0.0,0.0,0.0
1522,0.9999999999999896,5310,11036,69,5241,10967,5379,11105,138,138,0,1,Mix,False,4.0,0.0,0.0,0.0
1523,0.9999999999999896,2058,11076,70,1988,11006,2128,11146,140,140,0,1,Mix,False,2.0,0.0,0.0,0.0
1524,0.9999999999999896,2574,11076,69,2505,11007,2643,11145,138,138,0,1,Mix,False,2.0,0.0,0.0,0.0
1525,0.9999999999999928,3362,11076,68,3294,11008,3430,11144,136,136,0,1,Mix,False,2.0,0.0,0.0,0.0
1526,0.9999999999999896,2315,11077,69,2246,11008,2384,11146,138,138,0,1,Mix,False,0.0,1.0,0.0,0.0
1527,0.9999999999999896,3616,11078,69,3547,11009,3685,11147,138,138,0,1,Mix,False,0.0,0.0,0.0,0.0
1528,0.9999999999999896,2830,11080,69,2761,11011,2899,11149,138,138,0,1,Mix,False,2.0,0.0,0.0,0.0
1529,0.9999999999999896,3876,11080,69,3807,11011,3945,11149,138,138,0,1,Mix,False,0.0,0.0,0.0,0.0
1530,0.9999999999999928,3097,11081,68,3029,11013,3165,11149,136,136,0,1,Mix,False,1.0,0.0,0.0,0.0
1531,0.9999999999999928,4137,11084,68,4069,11016,4205,11152,136,136,0,1,Mix,False,1.0,0.0,0.0,0.0
1532,0.9999999999999896,4396,11085,69,4327,11016,4465,11154,138,138,0,1,Mix,False,2.0,0.0,0.0,0.0
1533,0.9999999999999896,4655,11089,69,4586,11020,4724,11158,138,138,0,1,Mix,False,1.0,0.0,0.0,0.0
1534,0.9999999999999896,4916,11094,69,4847,11025,4985,11163,138,138,0,1,Mix,False,2.0,0.0,0.0,0.0
1535,0.9999999999999896,5177,11104,69,5108,11035,5246,11173,138,138,0,1,Mix,False,3.0,0.0,0.0,0.0
1536,0.9199999999999914,5444,11108,70,5374,11038,5514,11178,140,140,0,1,Mix,False,1.0,0.0,0.0,0.0
1537,0.9999999999999896,2445,11152,70,2375,11082,2515,11222,140,140,0,1,Mix,False,2.0,0.0,0.0,0.0
1538,0.9999999999999896,2187,11153,70,2117,11083,2257,11223,140,140,0,1,Mix,False,2.0,0.0,1.0,0.0
1539,0.9924999999999898,3226,11153,69,3157,11084,3295,11222,138,138,0,1,Mix,False,3.0,0.0,0.0,0.0
1540,0.98999999999999,2966,11154,69,2897,11085,3035,11223,138,138,0,1,Mix,False,1.0,0.0,0.0,0.0
1541,0.9999999999999928,3487,11154,68,3419,11086,3555,11222,136,136,0,1,Mix,False,2.0,0.0,0.0,0.0
1542,0.9999999999999896,3744,11154,69,3675,11085,3813,11223,138,138,0,1,Mix,False,0.0,1.0,0.0,0.0
1543,0.9999999999999896,4006,11154,69,3937,11085,4075,11223,138,138,0,1,Mix,False,2.0,0.0,0.0,0.0
1544,0.9474999999999908,1932,11155,70,1862,11085,2002,11225,140,140,0,1,Mix,False,2.0,0.0,0.0,0.0
1545,0.9999999999999896,2700,11156,70,2630,11086,2770,11226,140,140,0,1,Mix,False,2.0,0.0,0.0,0.0
1546,0.9999999999999928,4266,11159,68,4198,11091,4334,11227,136,136,0,1,Mix,False,0.0,0.0,0.0,0.0
1547,0.9999999999999896,4524,11162,69,4455,11093,4593,11231,138,138,0,1,Mix,False,0.0,0.0,0.0,0.0
1548,0.9999999999999896,4784,11167,69,4715,11098,4853,11236,138,138,0,1,Mix,False,0.0,4.0,0.0,0.0
1549,0.9999999999999896,5046,11178,69,4977,11109,5115,11247,138,138,0,1,Mix,False,3.0,0.0,0.0,0.0
1550,0.8457446808510601,5554,11178,65,5489,11113,5619,11243,130,130,0,1,Mix,True,0.0,0.0,0.0,0.0
1551,0.9999999999999896,5309,11187,70,5239,11117,5379,11257,140,140,0,1,Mix,False,1.0,0.0,0.0,0.0
1552,0.9999999999999896,2316,11226,70,2246,11156,2386,11296,140,140,0,1,Mix,False,0.0,1.0,0.0,0.0
1553,0.9999999999999896,3357,11226,70,3287,11156,3427,11296,140,140,0,1,Mix,False,0.0,1.0,0.0,0.0
1554,0.9974999999999896,3615,11228,69,3546,11159,3684,11297,138,138,0,1,Mix,False,0.0,1.0,0.0,0.0
1555,0.9999999999999896,2837,11229,70,2767,11159,2907,11299,140,140,0,1,Mix,False,2.0,0.0,0.0,0.0
1556,0.9999999999999896,3096,11229,70,3026,11159,3166,11299,140,140,0,1,Mix,False,0.0,0.0,0.0,0.0
1557,0.9999999999999896,3874,11229,70,3804,11159,3944,11299,140,140,0,1,Mix,False,1.0,0.0,0.0,0.0
1558,0.9749999999999902,2572,11230,70,2502,11160,2642,11300,140,140,0,1,Mix,False,4.0,0.0,0.0,0.0
1559,0.7399999999999952,2060,11232,70,1990,11162,2130,11302,140,140,0,1,Mix,False,1.0,1.0,0.0,0.0
1560,0.9999999999999896,4136,11232,69,4067,11163,4205,11301,138,138,0,1,Mix,False,1.0,0.0,0.0,0.0
1561,0.9999999999999928,4394,11234,68,4326,11166,4462,11302,136,136,0,1,Mix,False,0.0,0.0,1.0,0.0
1562,0.9872448979591768,4653,11239,68,4585,11171,4721,11307,136,136,0,1,Mix,False,0.0,0.0,1.0,0.0
1563,0.9999999999999896,4912,11245,69,4843,11176,4981,11314,138,138,0,1,Mix,False,2.0,0.0,0.0,0.0
1564,0.9999999999999928,5176,11254,68,5108,11186,5244,11322,136,136,0,1,Mix,False,3.0,0.0,0.0,0.0
1565,0.9999999999999896,5446,11256,70,5376,11186,5516,11326,140,140,0,1,Mix,False,2.0,0.0,0.0,0.0
1566,0.9999999999999896,3226,11302,70,3156,11232,3296,11372,140,140,0,1,Mix,False,2.0,0.0,1.0,0.0
1567,0.9999999999999896,3486,11302,70,3416,11232,3556,11372,140,140,0,1,Mix,False,4.0,0.0,0.0,0.0
1568,0.9999999999999896,2966,11303,70,2896,11233,3036,11373,140,140,0,1,Mix,False,1.0,0.0,0.0,0.0
1569,0.9999999999999896,3744,11303,70,3674,11233,3814,11373,140,140,0,1,Mix,False,0.0,0.0,0.0,0.0
1570,0.9999999999999896,2707,11304,70,2637,11234,2777,11374,140,140,0,1,Mix,False,3.0,0.0,0.0,0.0
1571,0.8599999999999927,2442,11305,70,2372,11235,2512,11375,140,140,0,1,Mix,False,0.0,1.0,0.0,0.0
1572,0.9999999999999928,4264,11307,68,4196,11239,4332,11375,136,136,0,1,Mix,False,2.0,0.0,0.0,0.0
1573,0.9999999999999928,4522,11310,68,4454,11242,4590,11378,136,136,0,1,Mix,False,0.0,0.0,0.0,0.0
1574,0.9999999999999896,4782,11316,69,4713,11247,4851,11385,138,138,0,1,Mix,False,2.0,0.0,0.0,0.0
1575,0.999999999999994,5048,11325,65,4983,11260,5113,11390,130,130,0,1,Mix,False,4.0,0.0,0.0,0.0
1576,0.999999999999994,5318,11332,65,5253,11267,5383,11397,130,130,0,1,Mix,False,0.0,0.0,0.0,0.0
1577,0.84042553191489,5553,11336,65,5488,11271,5618,11401,130,130,0,1,Mix,True,0.0,0.0,0.0,0.0
1578,0.9999999999999896,3356,11375,70,3286,11305,3426,11445,140,140,0,1,Mix,False,2.0,0.0,0.0,0.0
1579,0.9999999999999896,3614,11377,70,3544,11307,3684,11447,140,140,0,1,Mix,False,0.0,0.0,0.0,0.0
1580,0.9999999999999896,2837,11378,70,2767,11308,2907,11448,140,140,0,1,Mix,False,1.0,0.0,0.0,0.0
1581,0.9999999999999896,3096,11378,70,3026,11308,3166,11448,140,140,0,1,Mix,False,1.0,1.0,0.0,0.0
1582,0.98499999999999,2578,11379,70,2508,11309,2648,11449,140,140,0,1,Mix,False,1.0,0.0,0.0,0.0
1583,0.9999999999999896,3873,11380,70,3803,11310,3943,11450,140,140,0,1,Mix,False,0.0,0.0,0.0,0.0
1584,0.9999999999999896,4135,11382,70,4065,11312,4205,11452,140,140,0,1,Mix,False,0.0,0.0,0.0,0.0
1585,0.9999999999999896,4392,11384,69,4323,11315,4461,11453,138,138,0,1,Mix,False,1.0,0.0,0.0,0.0
1586,0.9174999999999914,2316,11387,70,2246,11317,2386,11457,140,140,0,1,Mix,False,1.0,0.0,0.0,0.0
1587,0.9999999999999928,4652,11388,68,4584,11320,4720,11456,136,136,0,1,Mix,False,2.0,0.0,0.0,0.0
1588,0.9999999999999928,4918,11393,68,4850,11325,4986,11461,136,136,0,1,Mix,False,2.0,0.0,1.0,0.0
1589,0.9999999999999928,5179,11401,68,5111,11333,5247,11469,136,136,0,1,Mix,False,2.0,0.0,0.0,0.0
1590,0.8274999999999934,5444,11404,70,5374,11334,5514,11474,140,140,0,1,Mix,True,3.0,1.0,3.0,0.0
1591,0.999999999999994,3231,11448,65,3166,11383,3296,11513,130,130,0,1,Mix,False,0.0,0.0,0.0,0.0
1592,0.9999999999999896,3484,11450,70,3414,11380,3554,11520,140,140,0,1,Mix,False,0.0,0.0,0.0,0.0
1593,0.9999999999999896,2968,11452,70,2898,11382,3038,11522,140,140,0,1,Mix,False,0.0,0.0,0.0,0.0
1594,0.9499999999999909,2708,11453,70,2638,11383,2778,11523,140,140,0,1,Mix,False,0.0,0.0,0.0,0.0
1595,0.9999999999999896,3742,11453,70,3672,11383,3812,11523,140,140,0,1,Mix,False,1.0,0.0,0.0,0.0
1596,0.97999999999999,2449,11454,70,2379,11384,2519,11524,140,140,0,1,Mix,False,2.0,0.0,0.0,0.0
1597,0.9895833333333276,4263,11455,67,4196,11388,4330,11522,134,134,0,1,Mix,False,3.0,0.0,0.0,0.0
1598,0.9999999999999928,4521,11458,68,4453,11390,4589,11526,136,136,0,1,Mix,False,4.0,0.0,0.0,0.0
1599,0.9999999999999928,4789,11465,68,4721,11397,4857,11533,136,136,0,1,Mix,False,1.0,0.0,0.0,0.0
1600,0.9974489795918297,5047,11471,68,4979,11403,5115,11539,136,136,0,1,Mix,False,2.0,0.0,0.0,0.0
1601,0.9999999999999928,5309,11474,68,5241,11406,5377,11542,136,136,0,1,Mix,False,2.0,0.0,0.0,0.0
1602,0.8430851063829751,5553,11484,65,5488,11419,5618,11549,130,130,0,1,Mix,True,0.0,0.0,0.0,0.0
1603,0.9999999999999896,3354,11524,70,3284,11454,3424,11594,140,140,0,1,Mix,False,2.0,0.0,0.0,0.0
1604,0.999999999999994,4139,11525,65,4074,11460,4204,11590,130,130,0,1,Mix,False,1.0,1.0,0.0,0.0
1605,0.9999999999999896,3612,11526,70,3542,11456,3682,11596,140,140,0,1,Mix,False,2.0,0.0,0.0,0.0
1606,0.9999999999999896,2838,11527,70,2768,11457,2908,11597,140,140,0,1,Mix,False,2.0,0.0,0.0,0.0
1607,0.9999999999999896,3099,11527,70,3029,11457,3169,11597,140,140,0,1,Mix,False,0.0,1.0,0.0,0.0
1608,0.8624999999999926,2578,11529,70,2508,11459,2648,11599,140,140,0,1,Mix,False,0.0,0.0,0.0,0.0
1609,0.9999999999999896,3871,11530,70,3801,11460,3941,11600,140,140,0,1,Mix,False,0.0,0.0,0.0,0.0
1610,0.9948979591836664,4393,11532,68,4325,11464,4461,11600,136,136,0,1,Mix,False,1.0,0.0,0.0,0.0
1611,0.9999999999999928,4658,11536,68,4590,11468,4726,11604,136,136,0,1,Mix,False,2.0,0.0,0.0,0.0
1612,0.9999999999999896,4916,11542,69,4847,11473,4985,11611,138,138,0,1,Mix,False,2.0,0.0,0.0,0.0
1613,0.9923469387755032,5179,11550,68,5111,11482,5247,11618,136,136,0,1,Mix,False,4.0,0.0,0.0,0.0
1614,0.9249999999999912,5444,11553,70,5374,11483,5514,11623,140,140,0,1,Mix,False,0.0,1.0,0.0,0.0
1615,0.726063829787232,2464,11596,65,2399,11531,2529,11661,130,130,0,1,Mix,False,1.0,0.0,0.0,0.0
1616,0.9999999999999896,3482,11600,70,3412,11530,3552,11670,140,140,0,1,Mix,False,0.0,0.0,0.0,0.0
1617,0.9999999999999896,2969,11601,70,2899,11531,3039,11671,140,140,0,1,Mix,False,2.0,0.0,0.0,0.0
1618,0.9999999999999896,3228,11602,70,3158,11532,3298,11672,140,140,0,1,Mix,False,2.0,0.0,0.0,0.0
1619,0.9999999999999896,3741,11602,70,3671,11532,3811,11672,140,140,0,1,Mix,False,2.0,0.0,0.0,0.0
1620,0.9774999999999902,2708,11603,70,2638,11533,2778,11673,140,140,0,1,Mix,False,0.0,0.0,0.0,0.0
1621,0.9999999999999896,4262,11603,69,4193,11534,4331,11672,138,138,0,1,Mix,False,2.0,0.0,0.0,0.0
1622,0.9999999999999896,4526,11605,69,4457,11536,4595,11674,138,138,0,1,Mix,False,0.0,0.0,0.0,0.0
1623,0.9949999999999898,4022,11607,69,3953,11538,4091,11676,138,138,0,1,Mix,False,2.0,0.0,0.0,0.0
1624,0.9895833333333276,4785,11612,67,4718,11545,4852,11679,134,134,0,1,Mix,False,1.0,0.0,0.0,0.0
1625,0.9921874999999944,5048,11619,67,4981,11552,5115,11686,134,134,0,1,Mix,False,3.0,0.0,0.0,0.0
1626,0.9999999999999928,5310,11624,68,5242,11556,5378,11692,136,136,0,1,Mix,False,4.0,0.0,0.0,0.0
1627,0.8430851063829751,5553,11632,65,5488,11567,5618,11697,130,130,0,1,Mix,True,0.0,0.0,0.0,0.0
1628,0.9524999999999908,2838,11676,70,2768,11606,2908,11746,140,140,0,1,Mix,False,0.0,0.0,0.0,0.0
1629,0.9999999999999896,3098,11676,70,3028,11606,3168,11746,140,140,0,1,Mix,False,1.0,0.0,0.0,0.0
1630,0.9999999999999896,3356,11676,69,3287,11607,3425,11745,138,138,0,1,Mix,False,2.0,0.0,1.0,0.0
1631,0.9774999999999902,2576,11678,70,2506,11608,2646,11748,140,140,0,1,Mix,False,0.0,0.0,0.0,0.0
1632,0.9999999999999896,3878,11678,69,3809,11609,3947,11747,138,138,0,1,Mix,False,1.0,0.0,0.0,0.0
1633,0.999999999999994,4143,11679,65,4078,11614,4208,11744,130,130,0,1,Mix,False,2.0,0.0,0.0,0.0
1634,0.999999999999994,3620,11680,65,3555,11615,3685,11745,130,130,0,1,Mix,False,4.0,0.0,0.0,0.0
1635,0.9999999999999896,4395,11681,69,4326,11612,4464,11750,138,138,0,1,Mix,False,1.0,0.0,0.0,0.0
1636,0.9999999999999928,4657,11685,68,4589,11617,4725,11753,136,136,0,1,Mix,False,1.0,0.0,0.0,0.0
1637,0.9999999999999896,4918,11690,69,4849,11621,4987,11759,138,138,0,1,Mix,False,3.0,0.0,0.0,0.0
1638,0.9999999999999928,5180,11698,68,5112,11630,5248,11766,136,136,0,1,Mix,False,1.0,0.0,0.0,0.0
1639,0.9549999999999906,5445,11700,70,5375,11630,5515,11770,140,140,0,1,Mix,False,2.0,0.0,0.0,0.0
1640,0.7624999999999947,2435,11728,70,2365,11658,2505,11798,140,140,0,1,Mix,True,4.0,0.0,0.0,0.0
1641,0.9999999999999896,3488,11749,70,3418,11679,3558,11819,140,140,0,1,Mix,False,1.0,0.0,0.0,0.0
1642,0.9999999999999896,2968,11750,70,2898,11680,3038,11820,140,140,0,1,Mix,False,0.0,3.0,0.0,0.0
1643,0.9999999999999896,3228,11751,70,3158,11681,3298,11821,140,140,0,1,Mix,False,1.0,1.0,0.0,0.0
1644,0.9999999999999896,3747,11751,70,3677,11681,3817,11821,140,140,0,1,Mix,False,0.0,0.0,0.0,0.0
1645,0.9574999999999906,2706,11752,70,2636,11682,2776,11822,140,140,0,1,Mix,False,0.0,0.0,0.0,0.0
1646,0.9999999999999896,4264,11752,69,4195,11683,4333,11821,138,138,0,1,Mix,False,2.0,0.0,0.0,0.0
1647,0.9999999999999896,4005,11754,70,3935,11684,4075,11824,140,140,0,1,Mix,False,0.0,0.0,0.0,0.0
1648,0.9923469387755032,4525,11754,68,4457,11686,4593,11822,136,136,0,1,Mix,False,1.0,0.0,0.0,0.0
1649,0.9999999999999896,4786,11760,69,4717,11691,4855,11829,138,138,0,1,Mix,False,0.0,0.0,0.0,0.0
1650,0.9999999999999896,5048,11766,69,4979,11697,5117,11835,138,138,0,1,Mix,False,2.0,0.0,0.0,0.0
1651,0.9999999999999928,5311,11772,68,5243,11704,5379,11840,136,136,0,1,Mix,False,1.0,0.0,0.0,0.0
1652,0.8484042553191452,5553,11779,65,5488,11714,5618,11844,130,130,0,1,Mix,True,0.0,0.0,0.0,0.0
1653,0.9999999999999896,3360,11824,69,3291,11755,3429,11893,138,138,0,1,Mix,False,2.0,0.0,0.0,0.0
1654,0.98249999999999,2837,11825,70,2767,11755,2907,11895,140,140,0,1,Mix,False,4.0,0.0,0.0,0.0
1655,0.9999999999999896,3098,11825,70,3028,11755,3168,11895,140,140,0,1,Mix,False,0.0,0.0,0.0,0.0
1656,0.9974999999999896,3617,11825,70,3547,11755,3687,11895,140,140,0,1,Mix,False,0.0,0.0,0.0,0.0
1657,0.9674999999999904,2576,11827,70,2506,11757,2646,11897,140,140,0,1,Mix,False,0.0,0.0,0.0,0.0
1658,0.9999999999999896,3875,11827,70,3805,11757,3945,11897,140,140,0,1,Mix,False,0.0,0.0,0.0,0.0
1659,0.9999999999999896,4135,11828,70,4065,11758,4205,11898,140,140,0,1,Mix,False,0.0,0.0,0.0,0.0
1660,0.9999999999999896,4391,11830,69,4322,11761,4460,11899,138,138,0,1,Mix,False,2.0,0.0,0.0,0.0
1661,0.9999999999999896,4656,11834,69,4587,11765,4725,11903,138,138,0,1,Mix,False,2.0,0.0,0.0,0.0
1662,0.9999999999999896,4917,11840,69,4848,11771,4986,11909,138,138,0,1,Mix,False,2.0,0.0,0.0,0.0
1663,0.9999999999999928,5182,11846,68,5114,11778,5250,11914,136,136,0,1,Mix,False,2.0,0.0,0.0,0.0
1664,0.9999999999999896,5443,11848,70,5373,11778,5513,11918,140,140,0,1,Mix,False,0.0,0.0,0.0,0.0
1665,0.9999999999999896,3487,11898,70,3417,11828,3557,11968,140,140,0,1,Mix,False,0.0,0.0,0.0,0.0
1666,0.9999999999999896,2968,11899,70,2898,11829,3038,11969,140,140,0,1,Mix,False,2.0,0.0,0.0,0.0
1667,0.9999999999999896,3226,11900,70,3156,11830,3296,11970,140,140,0,1,Mix,False,1.0,2.0,0.0,0.0
1668,0.9999999999999896,2706,11901,70,2636,11831,2776,11971,140,140,0,1,Mix,False,4.0,0.0,0.0,0.0
1669,0.9999999999999896,3746,11901,70,3676,11831,3816,11971,140,140,0,1,Mix,False,1.0,0.0,0.0,0.0
1670,0.9999999999999896,4522,11902,69,4453,11833,4591,11971,138,138,0,1,Mix,False,2.0,0.0,1.0,0.0
1671,0.9999999999999896,4005,11903,69,3936,11834,4074,11972,138,138,0,1,Mix,False,2.0,0.0,0.0,0.0
1672,0.999999999999994,4269,11908,65,4204,11843,4334,11973,130,130,0,1,Mix,False,0.0,0.0,0.0,1.0
1673,0.9999999999999928,4785,11908,68,4717,11840,4853,11976,136,136,0,1,Mix,False,2.0,0.0,0.0,0.0
1674,0.9999999999999928,5051,11916,68,4983,11848,5119,11984,136,136,0,1,Mix,False,1.0,0.0,0.0,0.0
1675,0.8457446808510601,5551,11918,65,5486,11853,5616,11983,130,130,0,1,Mix,True,0.0,0.0,0.0,0.0
1676,0.9999999999999942,5310,11921,67,5243,11854,5377,11988,134,134,0,1,Mix,False,2.0,0.0,0.0,0.0
1677,0.9999999999999896,3357,11971,70,3287,11901,3427,12041,140,140,0,1,Mix,False,2.0,0.0,0.0,0.0
1678,0.9999999999999896,3097,11974,70,3027,11904,3167,12044,140,140,0,1,Mix,False,1.0,0.0,0.0,0.0
1679,0.9999999999999896,3616,11974,70,3546,11904,3686,12044,140,140,0,1,Mix,False,0.0,2.0,0.0,1.0
1680,0.98499999999999,2836,11975,70,2766,11905,2906,12045,140,140,0,1,Mix,False,0.0,0.0,0.0,0.0
1681,0.9999999999999896,2577,11976,70,2507,11906,2647,12046,140,140,0,1,Mix,False,1.0,0.0,0.0,0.0
1682,0.9999999999999896,3875,11976,70,3805,11906,3945,12046,140,140,0,1,Mix,False,2.0,0.0,0.0,0.0
1683,0.9999999999999896,4134,11977,70,4064,11907,4204,12047,140,140,0,1,Mix,False,2.0,0.0,0.0,0.0
1684,0.9999999999999896,4395,11980,69,4326,11911,4464,12049,138,138,0,1,Mix,False,2.0,0.0,0.0,0.0
1685,0.999999999999994,4666,11984,65,4601,11919,4731,12049,130,130,0,1,Mix,False,2.0,0.0,0.0,0.0
1686,0.9999999999999896,4921,11988,69,4852,11919,4990,12057,138,138,0,1,Mix,False,3.0,0.0,0.0,0.0
1687,0.9999999999999928,5180,11994,68,5112,11926,5248,12062,136,136,0,1,Mix,False,0.0,1.0,0.0,0.0
1688,0.9924999999999898,5442,11995,70,5372,11925,5512,12065,140,140,0,1,Mix,False,2.0,0.0,0.0,0.0
1689,0.9999999999999896,2966,12048,70,2896,11978,3036,12118,140,140,0,1,Mix,False,0.0,0.0,0.0,0.0
1690,0.9999999999999928,3228,12048,68,3160,11980,3296,12116,136,136,0,1,Mix,False,2.0,1.0,0.0,0.0
1691,0.9999999999999896,3486,12048,70,3416,11978,3556,12118,140,140,0,1,Mix,False,2.0,0.0,0.0,0.0
1692,0.9999999999999896,2706,12050,70,2636,11980,2776,12120,140,140,0,1,Mix,False,2.0,0.0,0.0,0.0
1693,0.9999999999999896,3746,12050,70,3676,11980,3816,12120,140,140,0,1,Mix,False,1.0,0.0,1.0,0.0
1694,0.9999999999999896,4004,12052,70,3934,11982,4074,12122,140,140,0,1,Mix,False,2.0,0.0,0.0,0.0
1695,0.8099999999999937,4529,12052,70,4459,11982,4599,12122,140,140,0,1,Mix,False,2.0,0.0,0.0,0.0
1696,0.9999999999999896,4264,12053,69,4195,11984,4333,12122,138,138,0,1,Mix,False,0.0,0.0,0.0,0.0
1697,0.8624999999999926,4787,12059,70,4717,11989,4857,12129,140,140,0,1,Mix,False,4.0,0.0,0.0,0.0
1698,0.9999999999999928,5049,12065,68,4981,11997,5117,12133,136,136,0,1,Mix,False,1.0,0.0,0.0,0.0
1699,0.9999999999999896,5309,12070,69,5240,12001,5378,12139,138,138,0,1,Mix,False,3.0,0.0,0.0,0.0
1700,0.8484042553191452,5552,12072,65,5487,12007,5617,12137,130,130,0,1,Mix,True,0.0,0.0,0.0,0.0
1701,0.9999999999999896,3355,12120,70,3285,12050,3425,12190,140,140,0,1,Mix,False,0.0,1.0,1.0,0.0
1702,0.999999999999994,2841,12122,65,2776,12057,2906,12187,130,130,0,1,Mix,False,0.0,0.0,0.0,0.0
1703,0.9999999999999896,3095,12124,70,3025,12054,3165,12194,140,140,0,1,Mix,False,2.0,0.0,0.0,0.0
1704,0.9999999999999896,3616,12124,70,3546,12054,3686,12194,140,140,0,1,Mix,False,1.0,0.0,0.0,0.0
1705,0.9999999999999896,3875,12124,69,3806,12055,3944,12193,138,138,0,1,Mix,False,3.0,0.0,0.0,0.0
1706,0.9999999999999896,2572,12125,70,2502,12055,2642,12195,140,140,0,1,Mix,False,0.0,0.0,0.0,0.0
1707,0.9999999999999896,4133,12126,70,4063,12056,4203,12196,140,140,0,1,Mix,False,0.0,0.0,0.0,1.0
1708,0.9923469387755032,4392,12129,68,4324,12061,4460,12197,136,136,0,1,Mix,False,1.0,0.0,0.0,0.0
1709,0.9974489795918297,4657,12134,68,4589,12066,4725,12202,136,136,0,1,Mix,False,1.0,0.0,0.0,0.0
1710,0.9999999999999896,4918,12138,69,4849,12069,4987,12207,138,138,0,1,Mix,False,0.0,0.0,0.0,0.0
1711,0.9999999999999928,5178,12142,68,5110,12074,5246,12210,136,136,0,1,Mix,False,0.0,0.0,0.0,0.0
1712,0.9074999999999916,5442,12144,70,5372,12074,5512,12214,140,140,0,1,Mix,False,4.0,0.0,0.0,0.0
1713,0.9999999999999896,3226,12195,70,3156,12125,3296,12265,140,140,0,1,Mix,False,2.0,0.0,0.0,0.0
1714,0.999999999999994,3756,12196,65,3691,12131,3821,12261,130,130,0,1,Mix,False,1.0,0.0,0.0,0.0
1715,0.9999999999999896,2965,12197,70,2895,12127,3035,12267,140,140,0,1,Mix,False,0.0,0.0,0.0,0.0
1716,0.9999999999999896,3485,12197,70,3415,12127,3555,12267,140,140,0,1,Mix,False,2.0,0.0,0.0,0.0
1717,0.9999999999999896,2701,12199,70,2631,12129,2771,12269,140,140,0,1,Mix,False,0.0,0.0,0.0,0.0
1718,0.9999999999999896,4003,12200,70,3933,12130,4073,12270,140,140,0,1,Mix,False,2.0,0.0,0.0,0.0
1719,0.9999999999999896,4262,12203,69,4193,12134,4331,12272,138,138,0,1,Mix,False,2.0,0.0,0.0,0.0
1720,0.9999999999999928,4788,12210,68,4720,12142,4856,12278,136,136,0,1,Mix,False,2.0,0.0,0.0,0.0
1721,0.9999999999999928,5047,12214,68,4979,12146,5115,12282,136,136,0,1,Mix,False,2.0,0.0,0.0,0.0
1722,0.8484042553191452,5552,12216,65,5487,12151,5617,12281,130,130,0,1,Mix,True,0.0,0.0,0.0,0.0
1723,0.9999999999999942,5308,12218,67,5241,12151,5375,12285,134,134,0,1,Mix,False,1.0,0.0,0.0,0.0
1724,0.9999999999999896,2834,12270,70,2764,12200,2904,12340,140,140,0,1,Mix,False,0.0,0.0,0.0,0.0
1725,0.9999999999999896,3355,12270,70,3285,12200,3425,12340,140,140,0,1,Mix,False,0.0,1.0,0.0,0.0
1726,0.9999999999999896,3094,12273,70,3024,12203,3164,12343,140,140,0,1,Mix,False,0.0,0.0,0.0,0.0
1727,0.9974999999999896,3873,12273,69,3804,12204,3942,12342,138,138,0,1,Mix,False,0.0,0.0,0.0,0.0
1728,0.9999999999999896,3612,12274,70,3542,12204,3682,12344,140,140,0,1,Mix,False,2.0,0.0,0.0,0.0
1729,0.9999999999999896,4132,12276,69,4063,12207,4201,12345,138,138,0,1,Mix,False,0.0,0.0,0.0,0.0
1730,0.9999999999999928,4391,12278,68,4323,12210,4459,12346,136,136,0,1,Mix,False,0.0,0.0,0.0,0.0
1731,0.9974489795918297,4658,12283,68,4590,12215,4726,12351,136,136,0,1,Mix,False,3.0,0.0,0.0,0.0
1732,0.9999999999999928,4917,12286,68,4849,12218,4985,12354,136,136,0,1,Mix,False,0.0,0.0,0.0,0.0
1733,0.9999999999999928,5176,12291,68,5108,12223,5244,12359,136,136,0,1,Mix,False,4.0,0.0,0.0,0.0
1734,0.999999999999994,3486,12340,65,3421,12275,3551,12405,130,130,0,1,Mix,False,0.0,1.0,0.0,0.0
1735,0.9999999999999896,3226,12344,70,3156,12274,3296,12414,140,140,0,1,Mix,False,0.0,0.0,0.0,0.0
1736,0.9999999999999896,2964,12346,70,2894,12276,3034,12416,140,140,0,1,Mix,False,0.0,2.0,0.0,1.0
1737,0.9999999999999896,3743,12346,69,3674,12277,3812,12415,138,138,0,1,Mix,False,2.0,0.0,0.0,0.0
1738,0.9999999999999896,4003,12350,69,3934,12281,4072,12419,138,138,0,1,Mix,False,2.0,0.0,0.0,0.0
1739,0.9999999999999896,4261,12352,69,4192,12283,4330,12421,138,138,0,1,Mix,False,1.0,0.0,0.0,0.0
1740,0.9999999999999896,4527,12357,69,4458,12288,4596,12426,138,138,0,1,Mix,False,0.0,1.0,0.0,0.0
1741,0.9923469387755032,4787,12359,68,4719,12291,4855,12427,136,136,0,1,Mix,False,2.0,0.0,0.0,0.0
1742,0.9999999999999928,5045,12362,68,4977,12294,5113,12430,136,136,0,1,Mix,False,2.0,0.0,0.0,0.0
1743,0.9999999999999942,5305,12365,67,5238,12298,5372,12432,134,134,0,1,Mix,False,2.0,0.0,0.0,0.0
1744,0.8617021276595705,5552,12371,65,5487,12306,5617,12436,130,130,0,1,Mix,True,0.0,0.0,0.0,0.0
1745,0.9999999999999896,3355,12419,70,3285,12349,3425,12489,140,140,0,1,Mix,False,2.0,0.0,0.0,0.0
1746,0.999999999999994,3626,12419,65,3561,12354,3691,12484,130,130,0,1,Mix,False,1.0,0.0,0.0,0.0
1747,0.9999999999999896,2832,12420,70,2762,12350,2902,12490,140,140,0,1,Mix,False,0.0,0.0,0.0,0.0
1748,0.9999999999999896,3098,12422,70,3028,12352,3168,12492,140,140,0,1,Mix,False,2.0,1.0,1.0,0.0
1749,0.9999999999999896,3872,12422,70,3802,12352,3942,12492,140,140,0,1,Mix,False,1.0,0.0,0.0,0.0
1750,0.9999999999999896,4132,12426,69,4063,12357,4201,12495,138,138,0,1,Mix,False,2.0,0.0,0.0,0.0
1751,0.9999999999999896,4395,12428,69,4326,12359,4464,12497,138,138,0,1,Mix,False,3.0,0.0,0.0,0.0
1752,0.9999999999999928,4656,12433,68,4588,12365,4724,12501,136,136,0,1,Mix,False,2.0,0.0,0.0,0.0
1753,0.9999999999999928,4915,12436,68,4847,12368,4983,12504,136,136,0,1,Mix,False,0.0,0.0,0.0,1.0
1754,0.9999999999999928,5176,12440,68,5108,12372,5244,12508,136,136,0,1,Mix,False,0.0,0.0,0.0,0.0
1755,0.9674999999999904,5442,12443,70,5372,12373,5512,12513,140,140,0,1,Mix,False,2.0,0.0,0.0,0.0
1756,0.9999999999999896,3489,12484,70,3419,12414,3559,12554,140,140,0,1,Mix,False,0.0,0.0,0.0,0.0
1757,0.999999999999994,3228,12491,65,3163,12426,3293,12556,130,130,0,1,Mix,False,0.0,0.0,0.0,0.0
1758,0.7724999999999945,2702,12494,70,2632,12424,2772,12564,140,140,0,1,Mix,False,1.0,2.0,1.0,0.0
1759,0.9999999999999896,3742,12496,70,3672,12426,3812,12566,140,140,0,1,Mix,False,2.0,0.0,0.0,0.0
1760,0.9999999999999896,2960,12497,70,2890,12427,3030,12567,140,140,0,1,Mix,False,2.0,0.0,0.0,0.0
1761,0.9974999999999896,4002,12499,69,3933,12430,4071,12568,138,138,0,1,Mix,False,1.0,0.0,0.0,0.0
1762,0.98979591836734,4265,12502,68,4197,12434,4333,12570,136,136,0,1,Mix,False,0.0,1.0,0.0,0.0
1763,0.9999999999999896,4526,12506,69,4457,12437,4595,12575,138,138,0,1,Mix,False,2.0,0.0,0.0,0.0
1764,0.9999999999999896,4785,12509,69,4716,12440,4854,12578,138,138,0,1,Mix,False,3.0,0.0,0.0,0.0
1765,0.9999999999999928,5046,12512,68,4978,12444,5114,12580,136,136,0,1,Mix,False,1.0,0.0,0.0,0.0
1766,0.9999999999999928,5308,12514,68,5240,12446,5376,12582,136,136,0,1,Mix,False,2.0,0.0,0.0,0.0
1767,0.8723404255319108,5553,12518,65,5488,12453,5618,12583,130,130,0,1,Mix,True,0.0,0.0,0.0,0.0
1768,0.9999999999999896,3351,12569,70,3281,12499,3421,12639,140,140,0,1,Mix,False,2.0,0.0,0.0,0.0
1769,0.9274999999999912,2829,12571,70,2759,12501,2899,12641,140,140,0,1,Mix,False,0.0,0.0,0.0,0.0
1770,0.9999999999999896,3612,12571,70,3542,12501,3682,12641,140,140,0,1,Mix,False,1.0,0.0,0.0,0.0
1771,0.9999999999999896,3089,12572,70,3019,12502,3159,12642,140,140,0,1,Mix,False,2.0,0.0,0.0,0.0
1772,0.9999999999999896,3871,12572,70,3801,12502,3941,12642,140,140,0,1,Mix,False,2.0,0.0,0.0,0.0
1773,0.9999999999999896,4135,12575,69,4066,12506,4204,12644,138,138,0,1,Mix,False,3.0,0.0,0.0,0.0
1774,0.9999999999999928,4395,12578,68,4327,12510,4463,12646,136,136,0,1,Mix,False,1.0,0.0,0.0,0.0
1775,0.9999999999999928,4656,12583,68,4588,12515,4724,12651,136,136,0,1,Mix,False,2.0,0.0,0.0,0.0
1776,0.9999999999999928,4916,12585,68,4848,12517,4984,12653,136,136,0,1,Mix,False,2.0,0.0,0.0,0.0
1777,0.9999999999999928,5177,12590,68,5109,12522,5245,12658,136,136,0,1,Mix,False,0.0,1.0,0.0,0.0
1778,0.9424999999999908,5443,12592,70,5373,12522,5513,12662,140,140,0,1,Mix,True,4.0,0.0,0.0,0.0
1779,0.9999999999999896,3220,12644,70,3150,12574,3290,12714,140,140,0,1,Mix,False,2.0,0.0,0.0,0.0
1780,0.9999999999999896,3480,12644,70,3410,12574,3550,12714,140,140,0,1,Mix,False,1.0,0.0,0.0,0.0
1781,0.9999999999999896,3741,12646,69,3672,12577,3810,12715,138,138,0,1,Mix,False,1.0,0.0,0.0,0.0
1782,0.9999999999999896,2958,12647,70,2888,12577,3028,12717,140,140,0,1,Mix,False,4.0,0.0,0.0,0.0
1783,0.9999999999999896,4004,12649,69,3935,12580,4073,12718,138,138,0,1,Mix,False,1.0,0.0,1.0,0.0
1784,0.9999999999999928,4265,12651,68,4197,12583,4333,12719,136,136,0,1,Mix,False,0.0,0.0,0.0,0.0
1785,0.9999999999999928,4526,12655,68,4458,12587,4594,12723,136,136,0,1,Mix,False,2.0,0.0,0.0,0.0
1786,0.9999999999999928,4786,12659,68,4718,12591,4854,12727,136,136,0,1,Mix,False,2.0,0.0,1.0,0.0
1787,0.9999999999999928,5046,12662,68,4978,12594,5114,12730,136,136,0,1,Mix,False,3.0,0.0,0.0,0.0
1788,0.9999999999999928,5308,12664,68,5240,12596,5376,12732,136,136,0,1,Mix,False,1.0,0.0,0.0,0.0
1789,0.8882978723404212,5554,12667,65,5489,12602,5619,12732,130,130,0,1,Mix,True,0.0,0.0,0.0,0.0
1790,0.9999999999999896,3351,12719,69,3282,12650,3420,12788,138,138,0,1,Mix,False,3.0,0.0,0.0,0.0
1791,0.7699999999999946,2826,12720,70,2756,12650,2896,12790,140,140,0,1,Mix,False,0.0,0.0,0.0,0.0
1792,0.9999999999999896,3611,12721,70,3541,12651,3681,12791,140,140,0,1,Mix,False,0.0,2.0,0.0,0.0
1793,0.9999999999999896,3090,12722,70,3020,12652,3160,12792,140,140,0,1,Mix,False,2.0,0.0,0.0,0.0
1794,0.9924999999999898,3874,12722,69,3805,12653,3943,12791,138,138,0,1,Mix,False,1.0,0.0,0.0,0.0
1795,0.9948979591836664,4135,12723,68,4067,12655,4203,12791,136,136,0,1,Mix,False,0.0,0.0,0.0,0.0
1796,0.9999999999999896,4395,12728,69,4326,12659,4464,12797,138,138,0,1,Mix,False,1.0,0.0,1.0,0.0
1797,0.9999999999999928,4656,12732,68,4588,12664,4724,12800,136,136,0,1,Mix,False,3.0,0.0,0.0,0.0
1798,0.9999999999999928,4915,12735,68,4847,12667,4983,12803,136,136,0,1,Mix,False,1.0,0.0,0.0,0.0
1799,0.9999999999999942,5178,12739,67,5111,12672,5245,12806,134,134,0,1,Mix,False,2.0,0.0,0.0,0.0
1800,0.9224999999999912,5442,12741,70,5372,12671,5512,12811,140,140,0,1,Mix,False,0.0,0.0,0.0,0.0
1801,0.9999999999999896,3222,12792,70,3152,12722,3292,12862,140,140,0,1,Mix,False,2.0,1.0,1.0,0.0
1802,0.9999999999999896,3480,12794,70,3410,12724,3550,12864,140,140,0,1,Mix,False,0.0,0.0,0.0,0.0
1803,0.9999999999999896,3743,12795,69,3674,12726,3812,12864,138,138,0,1,Mix,False,1.0,0.0,0.0,0.0
1804,0.9999999999999896,2956,12797,70,2886,12727,3026,12867,140,140,0,1,Mix,False,0.0,0.0,0.0,0.0
1805,0.9999999999999896,4002,12798,70,3932,12728,4072,12868,140,140,0,1,Mix,False,1.0,0.0,0.0,0.0
1806,0.9999999999999896,4264,12801,69,4195,12732,4333,12870,138,138,0,1,Mix,False,2.0,0.0,0.0,0.0
1807,0.9999999999999928,4524,12803,68,4456,12735,4592,12871,136,136,0,1,Mix,False,2.0,0.0,0.0,0.0
1808,0.9999999999999928,4786,12808,68,4718,12740,4854,12876,136,136,0,1,Mix,False,0.0,0.0,0.0,0.0
1809,0.9999999999999928,5048,12810,68,4980,12742,5116,12878,136,136,0,1,Mix,False,2.0,0.0,0.0,0.0
1810,0.9999999999999928,5308,12814,68,5240,12746,5376,12882,136,136,0,1,Mix,False,2.0,0.0,0.0,0.0
1811,0.8909574468085063,5553,12815,65,5488,12750,5618,12880,130,130,0,1,Mix,True,0.0,0.0,0.0,0.0
1812,0.9999999999999896,3351,12868,70,3281,12798,3421,12938,140,140,0,1,Mix,False,3.0,0.0,0.0,0.0
1813,0.9999999999999942,3612,12868,67,3545,12801,3679,12935,134,134,0,1,Mix,False,0.0,0.0,0.0,0.0
1814,0.7924999999999941,2826,12871,70,2756,12801,2896,12941,140,140,0,1,Mix,False,0.0,1.0,0.0,0.0
1815,0.9999999999999896,3086,12872,70,3016,12802,3156,12942,140,140,0,1,Mix,False,2.0,0.0,0.0,0.0
1816,0.9999999999999896,3871,12872,70,3801,12802,3941,12942,140,140,0,1,Mix,False,1.0,0.0,0.0,0.0
1817,0.9999999999999896,4132,12872,69,4063,12803,4201,12941,138,138,0,1,Mix,False,4.0,0.0,0.0,0.0
1818,0.9948979591836664,4394,12877,68,4326,12809,4462,12945,136,136,0,1,Mix,False,0.0,0.0,0.0,0.0
1819,0.9872448979591768,4655,12881,68,4587,12813,4723,12949,136,136,0,1,Mix,False,2.0,0.0,1.0,0.0
1820,0.9999999999999928,4917,12883,68,4849,12815,4985,12951,136,136,0,1,Mix,False,2.0,0.0,0.0,0.0
1821,0.9999999999999928,5178,12888,68,5110,12820,5246,12956,136,136,0,1,Mix,False,3.0,0.0,0.0,0.0
1822,0.8574999999999927,5442,12890,70,5372,12820,5512,12960,140,140,0,1,Mix,False,0.0,0.0,0.0,0.0
1823,0.9999999999999896,3218,12942,70,3148,12872,3288,13012,140,140,0,1,Mix,False,0.0,0.0,0.0,0.0
1824,0.9999999999999896,3480,12942,70,3410,12872,3550,13012,140,140,0,1,Mix,False,0.0,1.0,0.0,0.0
1825,0.9999999999999896,3738,12944,70,3668,12874,3808,13014,140,140,0,1,Mix,False,1.0,1.0,0.0,0.0
1826,0.9999999999999896,2956,12946,70,2886,12876,3026,13016,140,140,0,1,Mix,False,1.0,0.0,0.0,0.0
1827,0.9999999999999928,4002,12947,68,3934,12879,4070,13015,136,136,0,1,Mix,False,2.0,0.0,0.0,0.0
1828,0.9999999999999896,4262,12950,69,4193,12881,4331,13019,138,138,0,1,Mix,False,2.0,0.0,0.0,0.0
1829,0.9999999999999928,4524,12952,68,4456,12884,4592,13020,136,136,0,1,Mix,False,0.0,0.0,0.0,0.0
1830,0.9999999999999928,4788,12957,68,4720,12889,4856,13025,136,136,0,1,Mix,False,2.0,0.0,0.0,0.0
1831,0.9999999999999928,5048,12960,68,4980,12892,5116,13028,136,136,0,1,Mix,False,0.0,1.0,0.0,0.0
1832,0.9999999999999942,5307,12962,67,5240,12895,5374,13029,134,134,0,1,Mix,False,2.0,0.0,0.0,0.0
1833,0.9069148936170168,5553,12964,65,5488,12899,5618,13029,130,130,0,1,Mix,True,0.0,0.0,0.0,0.0
1834,0.9999999999999896,3347,13017,70,3277,12947,3417,13087,140,140,0,1,Mix,False,0.0,0.0,0.0,0.0
1835,0.9999999999999896,3608,13017,69,3539,12948,3677,13086,138,138,0,1,Mix,False,1.0,0.0,0.0,0.0
1836,0.9999999999999896,3086,13020,69,3017,12951,3155,13089,138,138,0,1,Mix,False,3.0,0.0,0.0,0.0
1837,0.9999999999999896,3867,13021,70,3797,12951,3937,13091,140,140,0,1,Mix,False,0.0,0.0,0.0,0.0
1838,0.9999999999999896,4130,13021,69,4061,12952,4199,13090,138,138,0,1,Mix,False,1.0,0.0,0.0,0.0
1839,0.9999999999999928,4395,13026,68,4327,12958,4463,13094,136,136,0,1,Mix,False,3.0,0.0,0.0,0.0
1840,0.9999999999999928,4658,13030,68,4590,12962,4726,13098,136,136,0,1,Mix,False,1.0,0.0,0.0,0.0
1841,0.9999999999999928,4918,13032,68,4850,12964,4986,13100,136,136,0,1,Mix,False,1.0,0.0,0.0,0.0
1842,0.9999999999999928,5178,13036,68,5110,12968,5246,13104,136,136,0,1,Mix,False,3.0,0.0,0.0,0.0
1843,0.8874999999999921,5441,13039,70,5371,12969,5511,13109,140,140,0,1,Mix,False,4.0,0.0,0.0,0.0
1844,0.9999999999999896,3218,13092,70,3148,13022,3288,13162,140,140,0,1,Mix,False,0.0,0.0,0.0,0.0
1845,0.9999999999999896,3476,13092,70,3406,13022,3546,13162,140,140,0,1,Mix,False,0.0,3.0,0.0,0.0
1846,0.9999999999999896,3736,13094,70,3666,13024,3806,13164,140,140,0,1,Mix,False,1.0,0.0,0.0,0.0
1847,0.9924999999999898,3996,13095,69,3927,13026,4065,13164,138,138,0,1,Mix,False,2.0,0.0,0.0,0.0
1848,0.9999999999999896,2958,13096,70,2888,13026,3028,13166,140,140,0,1,Mix,False,1.0,1.0,1.0,0.0
1849,0.9999999999999896,4260,13099,69,4191,13030,4329,13168,138,138,0,1,Mix,False,3.0,0.0,0.0,0.0
1850,0.9999999999999928,4526,13100,68,4458,13032,4594,13168,136,136,0,1,Mix,False,2.0,0.0,0.0,0.0
1851,0.9999999999999928,4788,13106,68,4720,13038,4856,13174,136,136,0,1,Mix,False,0.0,1.0,0.0,0.0
1852,0.9999999999999928,5048,13108,68,4980,13040,5116,13176,136,136,0,1,Mix,False,3.0,0.0,0.0,0.0
1853,0.9999999999999928,5306,13110,68,5238,13042,5374,13178,136,136,0,1,Mix,False,4.0,0.0,0.0,0.0
1854,0.9015957446808466,5553,13114,65,5488,13049,5618,13179,130,130,0,1,Mix,True,0.0,0.0,0.0,0.0
1855,0.9999999999999896,3347,13166,70,3277,13096,3417,13236,140,140,0,1,Mix,False,1.0,0.0,0.0,0.0
1856,0.9999999999999896,3606,13167,70,3536,13097,3676,13237,140,140,0,1,Mix,False,0.0,0.0,0.0,0.0
1857,0.9999999999999896,3088,13169,70,3018,13099,3158,13239,140,140,0,1,Mix,False,0.0,0.0,0.0,0.0
1858,0.9999999999999896,3864,13170,70,3794,13100,3934,13240,140,140,0,1,Mix,False,0.0,2.0,0.0,0.0
1859,0.9999999999999928,4390,13175,68,4322,13107,4458,13243,136,136,0,1,Mix,False,2.0,0.0,0.0,0.0
1860,0.9999999999999928,4659,13179,68,4591,13111,4727,13247,136,136,0,1,Mix,False,1.0,0.0,0.0,0.0
1861,0.9999999999999928,4917,13181,68,4849,13113,4985,13249,136,136,0,1,Mix,False,1.0,0.0,0.0,0.0
1862,0.9999999999999928,5176,13184,68,5108,13116,5244,13252,136,136,0,1,Mix,False,0.0,0.0,0.0,0.0
1863,0.8674999999999925,5441,13187,70,5371,13117,5511,13257,140,140,0,1,Mix,False,0.0,1.0,0.0,0.0
1864,0.999999999999994,3222,13240,65,3157,13175,3287,13305,130,130,0,1,Mix,False,0.0,4.0,0.0,1.0
1865,0.98999999999999,3476,13241,69,3407,13172,3545,13310,138,138,0,1,Mix,False,1.0,0.0,0.0,0.0
1866,0.9999999999999896,3734,13243,70,3664,13173,3804,13313,140,140,0,1,Mix,False,2.0,0.0,0.0,0.0
1867,0.9999999999999896,2955,13245,70,2885,13175,3025,13315,140,140,0,1,Mix,False,0.0,0.0,0.0,0.0
1868,0.9999999999999896,3994,13245,69,3925,13176,4063,13314,138,138,0,1,Mix,False,3.0,0.0,0.0,0.0
1869,0.9999999999999896,4258,13248,69,4189,13179,4327,13317,138,138,0,1,Mix,False,3.0,0.0,0.0,0.0
1870,0.9999999999999928,4788,13255,68,4720,13187,4856,13323,136,136,0,1,Mix,False,1.0,0.0,0.0,0.0
1871,0.9999999999999928,5047,13257,68,4979,13189,5115,13325,136,136,0,1,Mix,False,4.0,0.0,0.0,0.0
1872,0.9999999999999942,5306,13259,67,5239,13192,5373,13326,134,134,0,1,Mix,False,3.0,0.0,0.0,0.0
1873,0.9042553191489316,5552,13262,65,5487,13197,5617,13327,130,130,0,1,Mix,True,0.0,0.0,0.0,0.0
1874,0.9999999999999896,3345,13316,70,3275,13246,3415,13386,140,140,0,1,Mix,False,1.0,1.0,0.0,0.0
1875,0.9999999999999896,3605,13316,69,3536,13247,3674,13385,138,138,0,1,Mix,False,0.0,0.0,0.0,0.0
1876,0.9999999999999896,3086,13318,70,3016,13248,3156,13388,140,140,0,1,Mix,False,2.0,0.0,0.0,0.0
1877,0.9999999999999896,3865,13320,70,3795,13250,3935,13390,140,140,0,1,Mix,False,0.0,1.0,0.0,0.0
1878,0.9999999999999896,4126,13323,69,4057,13254,4195,13392,138,138,0,1,Mix,False,2.0,0.0,1.0,0.0
1879,0.9999999999999928,4387,13325,68,4319,13257,4455,13393,136,136,0,1,Mix,False,2.0,0.0,0.0,0.0
1880,0.9999999999999928,4658,13328,68,4590,13260,4726,13396,136,136,0,1,Mix,False,0.0,1.0,0.0,0.0
1881,0.9999999999999928,4916,13330,68,4848,13262,4984,13398,136,136,0,1,Mix,False,2.0,0.0,0.0,0.0
1882,0.9999999999999928,5176,13333,68,5108,13265,5244,13401,136,136,0,1,Mix,False,3.0,0.0,0.0,0.0
1883,0.9049999999999916,5440,13336,70,5370,13266,5510,13406,140,140,0,1,Mix,False,3.0,0.0,0.0,0.0
1884,0.9999999999999896,3474,13390,70,3404,13320,3544,13460,140,140,0,1,Mix,False,2.0,1.0,0.0,0.0
1885,0.9999999999999896,3216,13391,70,3146,13321,3286,13461,140,140,0,1,Mix,False,0.0,0.0,0.0,0.0
1886,0.9999999999999896,3734,13392,69,3665,13323,3803,13461,138,138,0,1,Mix,False,2.0,0.0,0.0,0.0
1887,0.9999999999999896,3995,13394,69,3926,13325,4064,13463,138,138,0,1,Mix,False,1.0,0.0,0.0,0.0
1888,0.9999999999999896,4255,13398,69,4186,13329,4324,13467,138,138,0,1,Mix,False,2.0,0.0,0.0,0.0
1889,0.9999999999999928,4787,13403,68,4719,13335,4855,13471,136,136,0,1,Mix,False,0.0,0.0,0.0,0.0
1890,0.9999999999999928,5046,13405,68,4978,13337,5114,13473,136,136,0,1,Mix,False,2.0,0.0,0.0,0.0
1891,0.9999999999999928,4525,13406,68,4457,13338,4593,13474,136,136,0,1,Mix,False,2.0,0.0,0.0,0.0
1892,0.9999999999999928,5306,13408,68,5238,13340,5374,13476,136,136,0,1,Mix,False,2.0,0.0,0.0,0.0
1893,0.8989361702127615,5552,13411,65,5487,13346,5617,13476,130,130,0,1,Mix,True,0.0,0.0,0.0,0.0
1894,0.9999999999999896,3604,13464,69,3535,13395,3673,13533,138,138,0,1,Mix,False,3.0,0.0,0.0,0.0
1895,0.9999999999999896,3345,13465,70,3275,13395,3415,13535,140,140,0,1,Mix,False,0.0,1.0,0.0,0.0
1896,0.9999999999999896,3086,13467,69,3017,13398,3155,13536,138,138,0,1,Mix,False,3.0,0.0,0.0,0.0
1897,0.999999999999994,3878,13474,65,3813,13409,3943,13539,130,130,0,1,Mix,False,0.0,0.0,0.0,0.0
1898,0.9999999999999928,4392,13474,68,4324,13406,4460,13542,136,136,0,1,Mix,False,3.0,0.0,0.0,0.0
1899,0.999999999999994,4135,13476,65,4070,13411,4200,13541,130,130,0,1,Mix,False,3.0,0.0,0.0,0.0
1900,0.9999999999999928,4656,13477,68,4588,13409,4724,13545,136,136,0,1,Mix,False,2.0,0.0,0.0,0.0
1901,0.9999999999999928,4916,13478,68,4848,13410,4984,13546,136,136,0,1,Mix,False,2.0,0.0,0.0,0.0
1902,0.9999999999999928,5176,13482,68,5108,13414,5244,13550,136,136,0,1,Mix,False,2.0,0.0,0.0,0.0
1903,0.9499999999999909,5440,13484,70,5370,13414,5510,13554,140,140,0,1,Mix,False,4.0,0.0,0.0,0.0
1904,0.9999999999999896,3476,13539,69,3407,13470,3545,13608,138,138,0,1,Mix,False,0.0,2.0,0.0,0.0
1905,0.9999999999999896,3216,13540,70,3146,13470,3286,13610,140,140,0,1,Mix,False,0.0,1.0,0.0,0.0
1906,0.9999999999999896,3742,13541,70,3672,13471,3812,13611,140,140,0,1,Mix,False,0.0,0.0,0.0,0.0
1907,0.999999999999994,2963,13543,65,2898,13478,3028,13608,130,130,0,1,Mix,False,2.0,0.0,0.0,0.0
1908,0.9999999999999896,4002,13543,69,3933,13474,4071,13612,138,138,0,1,Mix,False,0.0,0.0,0.0,0.0
1909,0.9923469387755032,4261,13546,68,4193,13478,4329,13614,136,136,0,1,Mix,False,2.0,0.0,0.0,0.0
1910,0.9999999999999942,4785,13552,67,4718,13485,4852,13619,134,134,0,1,Mix,False,2.0,0.0,0.0,0.0
1911,0.9999999999999928,4523,13554,68,4455,13486,4591,13622,136,136,0,1,Mix,False,0.0,0.0,0.0,0.0
1912,0.9999999999999928,5044,13554,68,4976,13486,5112,13622,136,136,0,1,Mix,False,0.0,0.0,0.0,0.0
1913,0.9999999999999942,5305,13555,67,5238,13488,5372,13622,134,134,0,1,Mix,False,0.0,0.0,0.0,0.0
1914,0.9069148936170168,5551,13558,65,5486,13493,5616,13623,130,130,0,1,Mix,True,0.0,0.0,0.0,0.0
1915,0.9999999999999896,3610,13613,70,3540,13543,3680,13683,140,140,0,1,Mix,False,3.0,0.0,0.0,0.0
1916,0.9999999999999896,3346,13614,70,3276,13544,3416,13684,140,140,0,1,Mix,False,0.0,0.0,0.0,0.0
1917,0.9999999999999896,3087,13616,69,3018,13547,3156,13685,138,138,0,1,Mix,False,2.0,0.0,0.0,0.0
1918,0.9999999999999896,3871,13616,70,3801,13546,3941,13686,140,140,0,1,Mix,False,2.0,0.0,0.0,0.0
1919,0.9999999999999896,4130,13619,69,4061,13550,4199,13688,138,138,0,1,Mix,False,2.0,0.0,0.0,0.0
1920,0.9999999999999928,4390,13623,68,4322,13555,4458,13691,136,136,0,1,Mix,False,2.0,0.0,0.0,0.0
1921,0.9999999999999928,4654,13626,68,4586,13558,4722,13694,136,136,0,1,Mix,False,0.0,1.0,0.0,0.0
1922,0.9999999999999928,4913,13626,68,4845,13558,4981,13694,136,136,0,1,Mix,False,2.0,0.0,0.0,0.0
1923,0.9999999999999928,5172,13630,68,5104,13562,5240,13698,136,136,0,1,Mix,False,0.0,0.0,0.0,0.0
1924,0.8874999999999921,5440,13632,70,5370,13562,5510,13702,140,140,0,1,Mix,False,0.0,0.0,0.0,0.0
1925,0.9999999999999896,3478,13688,70,3408,13618,3548,13758,140,140,0,1,Mix,False,3.0,0.0,0.0,0.0
1926,0.9999999999999896,2958,13690,70,2888,13620,3028,13760,140,140,0,1,Mix,False,0.0,0.0,0.0,0.0
1927,0.9999999999999896,3217,13690,70,3147,13620,3287,13760,140,140,0,1,Mix,False,0.0,1.0,0.0,0.0
1928,0.9999999999999896,3740,13690,69,3671,13621,3809,13759,138,138,0,1,Mix,False,1.0,0.0,0.0,1.0
1929,0.9999999999999896,4000,13692,69,3931,13623,4069,13761,138,138,0,1,Mix,False,1.0,0.0,0.0,0.0
1930,0.9999999999999928,4259,13696,68,4191,13628,4327,13764,136,136,0,1,Mix,False,2.0,0.0,0.0,0.0
1931,0.9999999999999928,4784,13700,68,4716,13632,4852,13768,136,136,0,1,Mix,False,2.0,0.0,0.0,0.0
1932,0.9973958333333276,5041,13702,67,4974,13635,5108,13769,134,134,0,1,Mix,False,3.0,1.0,0.0,0.0
1933,0.9999999999999928,4521,13704,68,4453,13636,4589,13772,136,136,0,1,Mix,False,4.0,0.0,0.0,0.0
1934,0.8274999999999934,5304,13707,70,5234,13637,5374,13777,140,140,0,1,Mix,False,2.0,0.0,0.0,0.0
1935,0.8989361702127615,5551,13707,65,5486,13642,5616,13772,130,130,0,1,Mix,True,0.0,0.0,0.0,0.0
1936,0.9999999999999896,3347,13764,70,3277,13694,3417,13834,140,140,0,1,Mix,False,2.0,1.0,0.0,0.0
1937,0.9999999999999896,3869,13765,69,3800,13696,3938,13834,138,138,0,1,Mix,False,2.0,0.0,0.0,0.0
1938,0.9999999999999896,3088,13766,70,3018,13696,3158,13836,140,140,0,1,Mix,False,0.0,4.0,0.0,0.0
1939,0.9999999999999896,4128,13768,69,4059,13699,4197,13837,138,138,0,1,Mix,False,0.0,1.0,0.0,0.0
1940,0.9999999999999928,4389,13772,68,4321,13704,4457,13840,136,136,0,1,Mix,False,1.0,0.0,0.0,0.0
1941,0.9999999999999942,4912,13775,67,4845,13708,4979,13842,134,134,0,1,Mix,False,1.0,0.0,0.0,0.0
1942,0.9999999999999928,4652,13776,68,4584,13708,4720,13844,136,136,0,1,Mix,False,1.0,0.0,0.0,0.0
1943,0.9973958333333276,5170,13780,67,5103,13713,5237,13847,134,134,0,1,Mix,False,0.0,0.0,0.0,0.0
1944,0.98499999999999,5440,13781,70,5370,13711,5510,13851,140,140,0,1,Mix,False,2.0,0.0,0.0,0.0
1945,0.9999999999999896,3476,13838,70,3406,13768,3546,13908,140,140,0,1,Mix,False,0.0,0.0,1.0,0.0
1946,0.9949999999999898,3217,13840,69,3148,13771,3286,13909,138,138,0,1,Mix,False,2.0,0.0,0.0,0.0
1947,0.9974999999999896,3740,13840,69,3671,13771,3809,13909,138,138,0,1,Mix,False,0.0,0.0,0.0,0.0
1948,0.9999999999999896,3998,13841,69,3929,13772,4067,13910,138,138,0,1,Mix,False,1.0,0.0,0.0,0.0
1949,0.9999999999999896,2956,13842,70,2886,13772,3026,13912,140,140,0,1,Mix,False,2.0,1.0,0.0,0.0
1950,0.9999999999999928,4257,13845,68,4189,13777,4325,13913,136,136,0,1,Mix,False,2.0,0.0,0.0,0.0
1951,0.9999999999999928,4781,13849,68,4713,13781,4849,13917,136,136,0,1,Mix,False,0.0,0.0,0.0,0.0
1952,0.9999999999999928,5040,13850,68,4972,13782,5108,13918,136,136,0,1,Mix,False,2.0,0.0,0.0,0.0
1953,0.9999999999999928,4520,13852,68,4452,13784,4588,13920,136,136,0,1,Mix,False,1.0,0.0,0.0,0.0
1954,0.8936170212765914,5551,13855,65,5486,13790,5616,13920,130,130,0,1,Mix,True,0.0,0.0,0.0,0.0
1955,0.9999999999999942,5297,13858,67,5230,13791,5364,13925,134,134,0,1,Mix,False,0.0,0.0,0.0,0.0
1956,0.9999999999999896,3347,13915,70,3277,13845,3417,13985,140,140,0,1,Mix,False,1.0,0.0,0.0,0.0
1957,0.9999999999999896,3869,13915,69,3800,13846,3938,13984,138,138,0,1,Mix,False,3.0,0.0,0.0,0.0
1958,0.9999999999999896,3609,13916,69,3540,13847,3678,13985,138,138,0,1,Mix,False,3.0,0.0,0.0,0.0
1959,0.9999999999999896,3086,13917,70,3016,13847,3156,13987,140,140,0,1,Mix,False,0.0,0.0,0.0,1.0
1960,0.9999999999999928,4128,13917,68,4060,13849,4196,13985,136,136,0,1,Mix,False,1.0,0.0,0.0,0.0
1961,0.9999999999999928,4388,13922,68,4320,13854,4456,13990,136,136,0,1,Mix,False,0.0,0.0,1.0,0.0
1962,0.9999999999999928,4910,13924,68,4842,13856,4978,13992,136,136,0,1,Mix,False,1.0,0.0,0.0,0.0
1963,0.9999999999999928,4650,13925,68,4582,13857,4718,13993,136,136,0,1,Mix,False,0.0,0.0,1.0,0.0
1964,0.999999999999994,5169,13926,65,5104,13861,5234,13991,130,130,0,1,Mix,False,2.0,0.0,0.0,0.0
1965,0.9999999999999896,3478,13989,70,3408,13919,3548,14059,140,140,0,1,Mix,False,0.0,0.0,0.0,0.0
1966,0.9999999999999896,3218,13990,70,3148,13920,3288,14060,140,140,0,1,Mix,False,4.0,0.0,0.0,0.0
1967,0.9999999999999896,3738,13991,69,3669,13922,3807,14060,138,138,0,1,Mix,False,3.0,0.0,0.0,0.0
1968,0.9999999999999896,3998,13991,69,3929,13922,4067,14060,138,138,0,1,Mix,False,0.0,0.0,0.0,0.0
1969,0.9999999999999896,2958,13993,69,2889,13924,3027,14062,138,138,0,1,Mix,False,0.0,0.0,0.0,0.0
1970,0.9999999999999928,4258,13994,68,4190,13926,4326,14062,136,136,0,1,Mix,False,1.0,0.0,0.0,0.0
1971,0.9999999999999928,4781,13999,68,4713,13931,4849,14067,136,136,0,1,Mix,False,0.0,0.0,0.0,0.0
1972,0.9999999999999942,5042,13999,67,4975,13932,5109,14066,134,134,0,1,Mix,False,2.0,0.0,0.0,0.0
1973,0.9999999999999928,4522,14002,68,4454,13934,4590,14070,136,136,0,1,Mix,False,3.0,0.0,0.0,0.0
1974,0.9999999999999942,5305,14006,67,5238,13939,5372,14073,134,134,0,1,Mix,False,2.0,0.0,0.0,0.0
1975,0.8537234042553153,5549,14012,65,5484,13947,5614,14077,130,130,0,1,Mix,True,0.0,0.0,0.0,0.0
1976,0.9924999999999898,3348,14065,69,3279,13996,3417,14134,138,138,0,1,Mix,False,0.0,0.0,0.0,0.0
1977,0.9999999999999896,3608,14065,69,3539,13996,3677,14134,138,138,0,1,Mix,False,0.0,0.0,0.0,0.0
1978,0.9999999999999896,3868,14065,69,3799,13996,3937,14134,138,138,0,1,Mix,False,0.0,0.0,0.0,0.0
1979,0.9999999999999896,4127,14066,69,4058,13997,4196,14135,138,138,0,1,Mix,False,1.0,0.0,0.0,0.0
1980,0.9999999999999896,3088,14068,70,3018,13998,3158,14138,140,140,0,1,Mix,False,0.0,1.0,0.0,1.0
1981,0.9999999999999928,4390,14071,68,4322,14003,4458,14139,136,136,0,1,Mix,False,2.0,0.0,0.0,0.0
1982,0.9999999999999942,5171,14072,67,5104,14005,5238,14139,134,134,0,1,Mix,False,1.0,0.0,0.0,0.0
1983,0.9999999999999942,4912,14073,67,4845,14006,4979,14140,134,134,0,1,Mix,False,3.0,0.0,0.0,0.0
1984,0.9999999999999928,4652,14075,68,4584,14007,4720,14143,136,136,0,1,Mix,False,0.0,0.0,0.0,0.0
1985,0.98249999999999,5439,14080,70,5369,14010,5509,14150,140,140,0,1,Mix,True,2.0,0.0,0.0,0.0
1986,0.9999999999999896,3478,14139,69,3409,14070,3547,14208,138,138,0,1,Mix,False,0.0,2.0,0.0,0.0
1987,0.9999999999999896,3218,14140,69,3149,14071,3287,14209,138,138,0,1,Mix,False,2.0,0.0,0.0,0.0
1988,0.9999999999999896,3736,14140,69,3667,14071,3805,14209,138,138,0,1,Mix,False,2.0,0.0,0.0,0.0
1989,0.9999999999999896,3996,14141,69,3927,14072,4065,14210,138,138,0,1,Mix,False,4.0,0.0,0.0,0.0
1990,0.9999999999999928,4259,14143,68,4191,14075,4327,14211,136,136,0,1,Mix,False,2.0,0.0,0.0,0.0
1991,0.9999999999999928,5042,14146,68,4974,14078,5110,14214,136,136,0,1,Mix,False,1.0,0.0,1.0,0.0
1992,0.9999999999999928,4782,14148,68,4714,14080,4850,14216,136,136,0,1,Mix,False,3.0,0.0,0.0,0.0
1993,0.9999999999999928,4522,14151,68,4454,14083,4590,14219,136,136,0,1,Mix,False,2.0,0.0,0.0,0.0
1994,0.9999999999999942,5305,14154,67,5238,14087,5372,14221,134,134,0,1,Mix,False,1.0,0.0,0.0,0.0
1995,0.8430851063829751,5546,14160,65,5481,14095,5611,14225,130,130,0,1,Mix,True,0.0,0.0,0.0,0.0
1996,0.9999999999999896,3607,14214,69,3538,14145,3676,14283,138,138,0,1,Mix,False,2.0,0.0,0.0,0.0
1997,0.9999999999999896,3348,14215,69,3279,14146,3417,14284,138,138,0,1,Mix,False,3.0,0.0,0.0,0.0
1998,0.9999999999999896,3866,14215,69,3797,14146,3935,14284,138,138,0,1,Mix,False,0.0,0.0,0.0,0.0
1999,0.98979591836734,4128,14216,68,4060,14148,4196,14284,136,136,0,1,Mix,False,1.0,0.0,0.0,0.0
2000,0.9999999999999896,3087,14217,69,3018,14148,3156,14286,138,138,0,1,Mix,False,0.0,0.0,0.0,0.0
2001,0.9999999999999928,4390,14220,68,4322,14152,4458,14288,136,136,0,1,Mix,False,3.0,0.0,0.0,0.0
2002,0.9999999999999942,5171,14221,67,5104,14154,5238,14288,134,134,0,1,Mix,False,4.0,0.0,0.0,0.0
2003,0.9999999999999928,4912,14222,68,4844,14154,4980,14290,136,136,0,1,Mix,False,0.0,0.0,0.0,0.0
2004,0.9999999999999928,4652,14224,68,4584,14156,4720,14292,136,136,0,1,Mix,False,0.0,0.0,0.0,0.0
2005,0.98999999999999,5438,14229,70,5368,14159,5508,14299,140,140,0,1,Mix,False,2.0,0.0,0.0,0.0
2006,0.9999999999999896,3218,14289,69,3149,14220,3287,14358,138,138,0,1,Mix,False,0.0,0.0,0.0,0.0
2007,0.9999999999999896,3478,14289,69,3409,14220,3547,14358,138,138,0,1,Mix,False,1.0,0.0,0.0,0.0
2008,0.9999999999999896,3736,14289,69,3667,14220,3805,14358,138,138,0,1,Mix,False,1.0,0.0,0.0,0.0
2009,0.9999999999999896,3995,14290,69,3926,14221,4064,14359,138,138,0,1,Mix,False,2.0,0.0,0.0,0.0
2010,0.9999999999999942,4259,14291,67,4192,14224,4326,14358,134,134,0,1,Mix,False,3.0,0.0,0.0,0.0
2011,0.9999999999999928,4782,14296,68,4714,14228,4850,14364,136,136,0,1,Mix,False,1.0,0.0,0.0,0.0
2012,0.9999999999999928,5042,14296,68,4974,14228,5110,14364,136,136,0,1,Mix,False,4.0,0.0,0.0,0.0
2013,0.9999999999999928,4524,14300,68,4456,14232,4592,14368,136,136,0,1,Mix,False,1.0,0.0,0.0,0.0
2014,0.9999999999999942,5304,14302,67,5237,14235,5371,14369,134,134,0,1,Mix,False,1.0,0.0,0.0,0.0
2015,0.84042553191489,5545,14308,65,5480,14243,5610,14373,130,130,0,1,Mix,True,0.0,0.0,0.0,0.0
2016,0.9999999999999896,3347,14364,69,3278,14295,3416,14433,138,138,0,1,Mix,False,0.0,0.0,0.0,0.0
2017,0.9999999999999896,3606,14364,69,3537,14295,3675,14433,138,138,0,1,Mix,False,2.0,0.0,1.0,0.0
2018,0.9999999999999928,3866,14364,68,3798,14296,3934,14432,136,136,0,1,Mix,False,2.0,0.0,0.0,0.0
2019,0.9999999999999896,4124,14365,69,4055,14296,4193,14434,138,138,0,1,Mix,False,1.0,0.0,0.0,0.0
2020,0.9674999999999904,4390,14370,70,4320,14300,4460,14440,140,140,0,1,Mix,False,2.0,0.0,0.0,0.0
2021,0.9973958333333276,4912,14370,67,4845,14303,4979,14437,134,134,0,1,Mix,False,1.0,0.0,0.0,0.0
2022,0.9921874999999944,5171,14370,67,5104,14303,5238,14437,134,134,0,1,Mix,False,2.0,0.0,0.0,0.0
2023,0.999999999999994,4654,14371,66,4588,14305,4720,14437,132,132,0,1,Mix,False,1.0,0.0,0.0,0.0
2024,0.9999999999999896,5438,14377,70,5368,14307,5508,14447,140,140,0,1,Mix,False,1.0,0.0,0.0,0.0
2025,0.9999999999999896,3217,14438,70,3147,14368,3287,14508,140,140,0,1,Mix,False,0.0,0.0,0.0,0.0
2026,0.9999999999999896,3477,14438,69,3408,14369,3546,14507,138,138,0,1,Mix,False,0.0,0.0,0.0,0.0
2027,0.9999999999999896,3737,14439,69,3668,14370,3806,14508,138,138,0,1,Mix,False,2.0,0.0,0.0,0.0
2028,0.9999999999999896,3994,14440,69,3925,14371,4063,14509,138,138,0,1,Mix,False,2.0,1.0,0.0,0.0
2029,0.9999999999999896,4254,14440,69,4185,14371,4323,14509,138,138,0,1,Mix,False,2.0,0.0,0.0,0.0
2030,0.8191489361702095,5540,14442,65,5475,14377,5605,14507,130,130,0,1,Mix,False,0.0,0.0,0.0,0.0
2031,0.9999999999999942,5041,14443,67,4974,14376,5108,14510,134,134,0,1,Mix,False,1.0,0.0,0.0,0.0
2032,0.9999999999999928,4782,14444,68,4714,14376,4850,14512,136,136,0,1,Mix,False,2.0,0.0,0.0,0.0
2033,0.9999999999999928,4520,14448,68,4452,14380,4588,14516,136,136,0,1,Mix,False,3.0,0.0,0.0,0.0
2034,0.9999999999999942,5304,14450,67,5237,14383,5371,14517,134,134,0,1,Mix,False,3.0,0.0,0.0,0.0
2035,0.9999999999999896,3608,14512,69,3539,14443,3677,14581,138,138,0,1,Mix,False,0.0,1.0,0.0,0.0
2036,0.9999999999999896,3088,14513,69,3019,14444,3157,14582,138,138,0,1,Mix,False,4.0,0.0,0.0,0.0
2037,0.98749999999999,3346,14514,69,3277,14445,3415,14583,138,138,0,1,Mix,False,0.0,0.0,0.0,0.0
2038,0.9869791666666612,3866,14514,67,3799,14447,3933,14581,134,134,0,1,Mix,False,3.0,0.0,0.0,0.0
2039,0.9999999999999896,4124,14514,69,4055,14445,4193,14583,138,138,0,1,Mix,False,0.0,1.0,0.0,1.0
2040,0.9999999999999928,4652,14518,68,4584,14450,4720,14586,136,136,0,1,Mix,False,2.0,0.0,1.0,0.0
2041,0.9999999999999928,4910,14518,68,4842,14450,4978,14586,136,136,0,1,Mix,False,3.0,0.0,0.0,0.0
2042,0.994791666666661,5173,14519,67,5106,14452,5240,14586,134,134,0,1,Mix,False,2.0,0.0,0.0,0.0
2043,0.9999999999999928,4390,14522,68,4322,14454,4458,14590,136,136,0,1,Mix,False,0.0,0.0,0.0,0.0
2044,0.9999999999999896,5437,14524,70,5367,14454,5507,14594,140,140,0,1,Mix,False,3.0,0.0,0.0,0.0
2045,0.9999999999999896,3476,14587,69,3407,14518,3545,14656,138,138,0,1,Mix,False,1.0,0.0,0.0,0.0
2046,0.9999999999999896,3216,14588,69,3147,14519,3285,14657,138,138,0,1,Mix,False,2.0,0.0,0.0,0.0
2047,0.9999999999999896,3736,14588,69,3667,14519,3805,14657,138,138,0,1,Mix,False,2.0,1.0,0.0,0.0
2048,0.8191489361702095,5540,14588,65,5475,14523,5605,14653,130,130,0,1,Mix,True,0.0,0.0,0.0,0.0
2049,0.9999999999999896,3994,14589,69,3925,14520,4063,14658,138,138,0,1,Mix,False,0.0,0.0,0.0,1.0
2050,0.9974489795918297,4255,14589,68,4187,14521,4323,14657,136,136,0,1,Mix,False,2.0,0.0,0.0,0.0
2051,0.9999999999999928,4781,14593,68,4713,14525,4849,14661,136,136,0,1,Mix,False,4.0,0.0,0.0,0.0
2052,0.9999999999999896,5042,14593,70,4972,14523,5112,14663,140,140,0,1,Mix,False,2.0,0.0,0.0,0.0
2053,0.9999999999999928,4520,14597,68,4452,14529,4588,14665,136,136,0,1,Mix,False,3.0,0.0,0.0,0.0
2054,0.9999999999999942,5304,14598,67,5237,14531,5371,14665,134,134,0,1,Mix,False,0.0,0.0,0.0,0.0
2055,0.9999999999999896,3606,14661,69,3537,14592,3675,14730,138,138,0,1,Mix,False,1.0,0.0,0.0,0.0
2056,0.9999999999999896,3344,14663,69,3275,14594,3413,14732,138,138,0,1,Mix,False,0.0,0.0,0.0,0.0
2057,0.9999999999999928,3865,14663,68,3797,14595,3933,14731,136,136,0,1,Mix,False,2.0,0.0,0.0,0.0
2058,0.9974489795918297,4123,14664,68,4055,14596,4191,14732,136,136,0,1,Mix,False,3.0,0.0,0.0,0.0
2059,0.9999999999999928,4652,14668,68,4584,14600,4720,14736,136,136,0,1,Mix,False,4.0,0.0,0.0,0.0
2060,0.9999999999999928,4910,14668,68,4842,14600,4978,14736,136,136,0,1,Mix,False,1.0,0.0,0.0,0.0
2061,0.9999999999999928,5172,14668,68,5104,14600,5240,14736,136,136,0,1,Mix,False,1.0,0.0,0.0,0.0
2062,0.9999999999999928,4391,14671,68,4323,14603,4459,14739,136,136,0,1,Mix,False,0.0,1.0,0.0,1.0
2063,0.9999999999999896,5436,14672,70,5366,14602,5506,14742,140,140,0,1,Mix,False,3.0,0.0,0.0,0.0
2064,0.9949999999999898,3474,14736,69,3405,14667,3543,14805,138,138,0,1,Mix,False,0.0,1.0,0.0,1.0
2065,0.9999999999999896,3734,14737,69,3665,14668,3803,14806,138,138,0,1,Mix,False,3.0,0.0,0.0,0.0
2066,0.9999999999999896,3994,14738,69,3925,14669,4063,14807,138,138,0,1,Mix,False,0.0,0.0,0.0,0.0
2067,0.9999999999999928,4781,14742,68,4713,14674,4849,14810,136,136,0,1,Mix,False,2.0,0.0,0.0,0.0
2068,0.9999999999999928,5040,14744,68,4972,14676,5108,14812,136,136,0,1,Mix,False,4.0,0.0,0.0,0.0
2069,0.9973958333333276,5301,14746,67,5234,14679,5368,14813,134,134,0,1,Mix,False,2.0,0.0,0.0,0.0
2070,0.9999999999999928,4520,14747,68,4452,14679,4588,14815,136,136,0,1,Mix,False,3.0,0.0,0.0,0.0
2071,0.8085106382978692,5538,14758,65,5473,14693,5603,14823,130,130,0,1,Mix,False,0.0,0.0,0.0,0.0
2072,0.9999999999999896,3604,14810,69,3535,14741,3673,14879,138,138,0,1,Mix,False,1.0,0.0,0.0,0.0
2073,0.9999999999999896,3346,14812,69,3277,14743,3415,14881,138,138,0,1,Mix,False,0.0,0.0,0.0,1.0
2074,0.9999999999999896,3864,14812,69,3795,14743,3933,14881,138,138,0,1,Mix,False,0.0,0.0,0.0,0.0
2075,0.9999999999999942,4122,14815,67,4055,14748,4189,14882,134,134,0,1,Mix,False,1.0,0.0,0.0,0.0
2076,0.9999999999999942,4652,14816,67,4585,14749,4719,14883,134,134,0,1,Mix,False,3.0,0.0,0.0,0.0
2077,0.9999999999999928,4910,14816,68,4842,14748,4978,14884,136,136,0,1,Mix,False,4.0,0.0,0.0,0.0
2078,0.9999999999999942,5170,14817,67,5103,14750,5237,14884,134,134,0,1,Mix,False,4.0,0.0,0.0,0.0
2079,0.9999999999999928,4390,14821,68,4322,14753,4458,14889,136,136,0,1,Mix,False,1.0,0.0,0.0,0.0
2080,0.7724999999999945,5433,14822,70,5363,14752,5503,14892,140,140,0,1,Mix,False,1.0,0.0,0.0,0.0
2081,0.9999999999999896,3476,14886,69,3407,14817,3545,14955,138,138,0,1,Mix,False,2.0,0.0,0.0,0.0
2082,0.999999999999994,3740,14886,65,3675,14821,3805,14951,130,130,0,1,Mix,False,1.0,0.0,0.0,0.0
2083,0.9999999999999896,3994,14888,69,3925,14819,4063,14957,138,138,0,1,Mix,False,2.0,0.0,0.0,0.0
2084,0.9999999999999928,4781,14890,68,4713,14822,4849,14958,136,136,0,1,Mix,False,1.0,0.0,0.0,0.0
2085,0.9999999999999928,4258,14892,68,4190,14824,4326,14960,136,136,0,1,Mix,False,4.0,0.0,0.0,0.0
2086,0.9999999999999942,5041,14892,67,4974,14825,5108,14959,134,134,0,1,Mix,False,2.0,0.0,0.0,0.0
2087,0.999999999999994,5300,14893,66,5234,14827,5366,14959,132,132,0,1,Mix,False,1.0,0.0,0.0,0.0
2088,0.9999999999999928,4519,14896,68,4451,14828,4587,14964,136,136,0,1,Mix,False,3.0,0.0,0.0,0.0
2089,0.8058510638297841,5536,14909,65,5471,14844,5601,14974,130,130,0,1,Mix,False,0.0,0.0,0.0,0.0
2090,0.9999999999999896,3604,14960,69,3535,14891,3673,15029,138,138,0,1,Mix,False,2.0,0.0,1.0,0.0
2091,0.9999999999999896,3864,14962,69,3795,14893,3933,15031,138,138,0,1,Mix,False,0.0,0.0,0.0,0.0
2092,0.9999999999999928,4127,14963,68,4059,14895,4195,15031,136,136,0,1,Mix,False,0.0,0.0,0.0,0.0
2093,0.9921874999999944,4652,14964,67,4585,14897,4719,15031,134,134,0,1,Mix,False,4.0,0.0,0.0,0.0
2094,0.9999999999999928,4910,14964,68,4842,14896,4978,15032,136,136,0,1,Mix,False,0.0,0.0,0.0,0.0
2095,0.9999999999999942,5171,14965,67,5104,14898,5238,15032,134,134,0,1,Mix,False,4.0,0.0,0.0,0.0
2096,0.9999999999999896,5436,14970,70,5366,14900,5506,15040,140,140,0,1,Mix,False,3.0,0.0,0.0,0.0
2097,0.9999999999999928,4389,14971,68,4321,14903,4457,15039,136,136,0,1,Mix,False,1.0,0.0,0.0,0.0
2098,0.9999999999999896,3329,15009,69,3260,14940,3398,15078,138,138,0,1,Mix,False,2.0,0.0,0.0,0.0
2099,0.8058510638297841,5535,15030,65,5470,14965,5600,15095,130,130,0,1,Mix,True,0.0,0.0,0.0,0.0
2100,0.9999999999999896,3476,15034,69,3407,14965,3545,15103,138,138,0,1,Mix,False,2.0,0.0,0.0,0.0
2101,0.9999999999999896,3734,15034,69,3665,14965,3803,15103,138,138,0,1,Mix,False,0.0,0.0,0.0,0.0
2102,0.9999999999999928,3997,15036,68,3929,14968,4065,15104,136,136,0,1,Mix,False,0.0,2.0,0.0,0.0
2103,0.9999999999999928,4782,15038,68,4714,14970,4850,15106,136,136,0,1,Mix,False,1.0,0.0,0.0,0.0
2104,0.9999999999999928,4256,15040,68,4188,14972,4324,15108,136,136,0,1,Mix,False,3.0,0.0,1.0,0.0
2105,0.9999999999999942,5041,15040,67,4974,14973,5108,15107,134,134,0,1,Mix,False,2.0,0.0,0.0,0.0
2106,0.9999999999999942,5301,15040,67,5234,14973,5368,15107,134,134,0,1,Mix,False,1.0,0.0,0.0,0.0
2107,0.9999999999999928,4519,15046,68,4451,14978,4587,15114,136,136,0,1,Mix,False,3.0,0.0,0.0,0.0
2108,0.9999999999999928,3604,15108,68,3536,15040,3672,15176,136,136,0,1,Mix,False,1.0,0.0,0.0,0.0
2109,0.9923469387755032,3866,15110,68,3798,15042,3934,15178,136,136,0,1,Mix,False,3.0,0.0,0.0,0.0
2110,0.9999999999999928,4125,15113,68,4057,15045,4193,15181,136,136,0,1,Mix,False,0.0,0.0,0.0,0.0
2111,0.9999999999999928,4652,15113,68,4584,15045,4720,15181,136,136,0,1,Mix,False,1.0,0.0,0.0,0.0
2112,0.9999999999999942,4911,15113,67,4844,15046,4978,15180,134,134,0,1,Mix,False,0.0,0.0,0.0,0.0
2113,0.9999999999999942,5171,15113,67,5104,15046,5238,15180,134,134,0,1,Mix,False,3.0,0.0,0.0,0.0
2114,0.9999999999999896,5435,15118,70,5365,15048,5505,15188,140,140,0,1,Mix,False,0.0,0.0,0.0,0.0
2115,0.9999999999999928,4389,15121,68,4321,15053,4457,15189,136,136,0,1,Mix,False,0.0,3.0,0.0,0.0
2116,0.9999999999999896,3328,15158,69,3259,15089,3397,15227,138,138,0,1,Mix,False,3.0,0.0,0.0,0.0
2117,0.9999999999999896,3474,15183,69,3405,15114,3543,15252,138,138,0,1,Mix,False,0.0,0.0,0.0,0.0
2118,0.9999999999999896,3736,15184,69,3667,15115,3805,15253,138,138,0,1,Mix,False,1.0,0.0,0.0,0.0
2119,0.9948979591836664,3995,15185,68,3927,15117,4063,15253,136,136,0,1,Mix,False,0.0,0.0,0.0,1.0
2120,0.999999999999994,4532,15187,65,4467,15122,4597,15252,130,130,0,1,Mix,False,3.0,0.0,0.0,0.0
2121,0.9999999999999928,4781,15187,68,4713,15119,4849,15255,136,136,0,1,Mix,False,0.0,0.0,0.0,0.0
2122,0.9999999999999942,5040,15188,67,4973,15121,5107,15255,134,134,0,1,Mix,False,0.0,0.0,0.0,0.0
2123,0.9999999999999942,5300,15189,67,5233,15122,5367,15256,134,134,0,1,Mix,False,2.0,0.0,0.0,0.0
2124,0.9999999999999928,4255,15190,68,4187,15122,4323,15258,136,136,0,1,Mix,False,2.0,1.0,0.0,0.0
2125,0.8138297872340393,5534,15206,65,5469,15141,5599,15271,130,130,0,1,Mix,False,0.0,0.0,0.0,0.0
2126,0.9674999999999904,3605,15259,70,3535,15189,3675,15329,140,140,0,1,Mix,False,0.0,0.0,1.0,0.0
2127,0.98979591836734,3865,15259,68,3797,15191,3933,15327,136,136,0,1,Mix,False,0.0,0.0,0.0,0.0
2128,0.9999999999999928,4124,15262,68,4056,15194,4192,15330,136,136,0,1,Mix,False,1.0,0.0,0.0,0.0
2129,0.999999999999994,4394,15262,65,4329,15197,4459,15327,130,130,0,1,Mix,False,2.0,0.0,0.0,0.0
2130,0.9999999999999928,4651,15262,68,4583,15194,4719,15330,136,136,0,1,Mix,False,2.0,0.0,0.0,0.0
2131,0.9999999999999928,4910,15262,68,4842,15194,4978,15330,136,136,0,1,Mix,False,0.0,0.0,0.0,0.0
2132,0.9999999999999942,5169,15262,67,5102,15195,5236,15329,134,134,0,1,Mix,False,2.0,0.0,0.0,0.0
2133,0.9999999999999896,5431,15265,70,5361,15195,5501,15335,140,140,0,1,Mix,False,1.0,0.0,0.0,0.0
